{"fz": -1.7397329631986653, "mass": 685.2, "thetax": 0, "thetaz": -15, "fx": 0.0, "frame_width": 320, "torque": 0, "MoveData": [{"BlobMoves": [[154.69989013671875, 218.9244384765625, 19.850948333740234, -0.429718017578125, 0.602386474609375, 1.0012855529785156], [268.3868103027344, 207.5490264892578, 11.210205078125, 3.86004638671875, -0.3958740234375, 0.0], [215.43458557128906, 209.98130798339844, 16.64402961730957, 1.4346160888671875, -0.1739959716796875, 0.8329887390136719], [96.43087005615234, 155.8125457763672, 15.890668869018555, -1.5701828002929688, -1.2749786376953125, 1.3493709564208984], [158.3914031982422, 152.25900268554688, 13.536831855773926, 0.0388946533203125, -3.1838531494140625, 0.0], [208.41175842285156, 150.59803771972656, 11.335715293884277, 0.32745361328125, -1.7310333251953125, 0.0], [254.76893615722656, 147.0, 7.599935054779053, 1.7733001708984375, -2.155548095703125, 0.0], [245.90740966796875, 98.44444274902344, 6.060576438903809, 1.09259033203125, -2.4444427490234375, 0.0], [203.0, 100.1638412475586, 8.652423858642578, -3.2343292236328125, -0.602783203125, 0.0], [155.64877319335938, 100.91498565673828, 9.73720645904541, 0.3489227294921875, -2.09429931640625, 0.055583953857421875], [101.9188003540039, 100.47863006591797, 12.20070743560791, -1.5617523193359375, -2.60247802734375, 0.48011207580566406], [34.16734313964844, 98.27168273925781, 17.820714950561523, -5.084331512451172, -3.3469696044921875, 0.6197147369384766], [235.51612854003906, 57.3870964050293, 6.465886116027832, 0.8690643310546875, -2.7500572204589844, 0.0], [197.7760467529297, 57.82291793823242, 6.499307155609131, 0.109527587890625, -2.8428192138671875, 0.0], [152.53634643554688, 56.07268142700195, 9.26030445098877, -0.060516357421875, -2.9683570861816406, 0.0], [101.21258544921875, 53.591835021972656, 11.138311386108398, -1.6854095458984375, -3.3400230407714844, 0.0], [38.95426940917969, 47.08231735229492, 14.468541145324707, -4.513927459716797, -4.823795318603516, 0.5046701431274414], [148.0, 19.5, 5.0, -0.2266693115234375, -2.779998779296875, 0.7537155151367188]], "id": 0}, {"BlobMoves": [[154.69989013671875, 218.9244384765625, 19.850948333740234, -0.357391357421875, 0.6134796142578125, 0.7034568786621094], [268.3868103027344, 207.5490264892578, 11.210205078125, 3.902435302734375, -0.35150146484375, 0.1484842300415039], [215.43458557128906, 209.98130798339844, 16.64402961730957, 1.2972869873046875, -0.2047576904296875, 0.5227909088134766], [96.43087005615234, 155.8125457763672, 15.890668869018555, -1.5302810668945312, -1.2971954345703125, 1.317403793334961], [158.3914031982422, 152.25900268554688, 13.536831855773926, -0.0121307373046875, -3.0210723876953125, 0.0], [208.41175842285156, 150.59803771972656, 11.335715293884277, 0.5522003173828125, -1.71514892578125, 0.0], [254.76893615722656, 147.0, 7.599935054779053, 1.7733001708984375, -2.155548095703125, 0.0], [245.90740966796875, 98.44444274902344, 6.060576438903809, 1.09259033203125, -2.4444427490234375, 0.0], [203.0, 100.1638412475586, 8.652423858642578, -3.2343292236328125, -0.602783203125, 0.0], [155.64877319335938, 100.91498565673828, 9.73720645904541, 0.351226806640625, -2.0976333618164062, 0.07543563842773438], [101.9188003540039, 100.47863006591797, 12.20070743560791, -1.5934066772460938, -2.6135482788085938, 0.4829988479614258], [34.16734313964844, 98.27168273925781, 17.820714950561523, -5.05003547668457, -3.325531005859375, 0.6198654174804688], [235.51612854003906, 57.3870964050293, 6.465886116027832, 0.937774658203125, -2.8409957885742188, 0.0], [197.7760467529297, 57.82291793823242, 6.499307155609131, 0.029083251953125, -2.7818946838378906, 0.0], [152.53634643554688, 56.07268142700195, 9.26030445098877, -0.1826629638671875, -3.0599594116210938, 0.03235149383544922], [101.21258544921875, 53.591835021972656, 11.138311386108398, -1.70703125, -3.4640579223632812, 0.0], [38.95426940917969, 47.08231735229492, 14.468541145324707, -4.474155426025391, -4.874931335449219, 0.5340862274169922], [148.0, 19.5, 5.0, -0.2266693115234375, -2.779998779296875, 0.7537155151367188]], "id": 1}, {"BlobMoves": [[154.69989013671875, 218.9244384765625, 19.850948333740234, -0.3054046630859375, 0.477569580078125, 1.074453353881836], [268.3868103027344, 207.5490264892578, 11.210205078125, 3.99237060546875, -0.314453125, 0.041202545166015625], [215.43458557128906, 209.98130798339844, 16.64402961730957, 1.5015869140625, -0.2096710205078125, 0.8978366851806641], [96.43087005615234, 155.8125457763672, 15.890668869018555, -1.5045394897460938, -1.235595703125, 1.5014324188232422], [158.3914031982422, 152.25900268554688, 13.536831855773926, 0.012603759765625, -3.0034027099609375, 0.0], [208.41175842285156, 150.59803771972656, 11.335715293884277, 0.5522003173828125, -1.71514892578125, 0.0], [254.76893615722656, 147.0, 7.599935054779053, 1.8371124267578125, -2.086578369140625, 0.0], [245.90740966796875, 98.44444274902344, 6.060576438903809, 1.09259033203125, -2.4444427490234375, 0.0], [203.0, 100.1638412475586, 8.652423858642578, -3.263336181640625, -0.6338424682617188, 0.0], [155.64877319335938, 100.91498565673828, 9.73720645904541, 0.376861572265625, -2.0338668823242188, 0.10506725311279297], [101.9188003540039, 100.47863006591797, 12.20070743560791, -1.5959243774414062, -2.5662155151367188, 0.5604715347290039], [34.16734313964844, 98.27168273925781, 17.820714950561523, -5.031328201293945, -3.3004150390625, 0.6184597015380859], [235.51612854003906, 57.3870964050293, 6.465886116027832, 0.937774658203125, -2.8409957885742188, 0.0], [197.7760467529297, 57.82291793823242, 6.499307155609131, 0.109527587890625, -2.8428192138671875, 0.0], [152.53634643554688, 56.07268142700195, 9.26030445098877, -0.178314208984375, -2.971446990966797, 0.15891075134277344], [101.21258544921875, 53.591835021972656, 11.138311386108398, -1.6297073364257812, -3.3969345092773438, 0.0], [38.95426940917969, 47.08231735229492, 14.468541145324707, -4.594268798828125, -4.879459381103516, 0.533085823059082], [148.0, 19.5, 5.0, 0.0, 0.0, 0.0]], "id": 2}, {"BlobMoves": [[154.69989013671875, 218.9244384765625, 19.850948333740234, -0.262359619140625, 0.59503173828125, 1.1549625396728516], [268.3868103027344, 207.5490264892578, 11.210205078125, 3.691619873046875, -0.56329345703125, 0.0], [215.43458557128906, 209.98130798339844, 16.64402961730957, 1.512298583984375, -0.273406982421875, 0.7731304168701172], [96.43087005615234, 155.8125457763672, 15.890668869018555, -1.5500259399414062, -1.2730712890625, 1.222808837890625], [158.3914031982422, 152.25900268554688, 13.536831855773926, 0.035797119140625, -3.0447998046875, 0.0], [208.41175842285156, 150.59803771972656, 11.335715293884277, 0.3823089599609375, -1.7114715576171875, 0.0], [254.76893615722656, 147.0, 7.599935054779053, 1.7733001708984375, -2.155548095703125, 0.0], [245.90740966796875, 98.44444274902344, 6.060576438903809, 1.09259033203125, -2.4444427490234375, 0.0], [203.0, 100.1638412475586, 8.652423858642578, -3.2343292236328125, -0.602783203125, 0.0], [155.64877319335938, 100.91498565673828, 9.73720645904541, 0.3758392333984375, -1.8903732299804688, 0.2728738784790039], [101.9188003540039, 100.47863006591797, 12.20070743560791, -1.5617523193359375, -2.60247802734375, 0.48011207580566406], [34.16734313964844, 98.27168273925781, 17.820714950561523, -5.05003547668457, -3.325531005859375, 0.6198654174804688], [235.51612854003906, 57.3870964050293, 6.465886116027832, 0.937774658203125, -2.8409957885742188, 0.0], [197.7760467529297, 57.82291793823242, 6.499307155609131, 0.029083251953125, -2.7818946838378906, 0.0], [152.53634643554688, 56.07268142700195, 9.26030445098877, -0.0597991943359375, -2.9566307067871094, 0.0031518936157226562], [101.21258544921875, 53.591835021972656, 11.138311386108398, -1.6297073364257812, -3.3969345092773438, 0.0], [38.95426940917969, 47.08231735229492, 14.468541145324707, -4.591411590576172, -4.905174255371094, 0.5376787185668945], [148.0, 19.5, 5.0, 0.0, 0.0, 0.0]],