{"fz": 1.7397329631986653, "mass": 685.2, "thetax": 0, "thetaz": 15, "fx": 0.0, "frame_width": 320, "torque": 0, "MoveData": [{"BlobMoves": [[154.69989013671875, 218.9244384765625, 19.850948333740234, -0.52728271484375, 4.5132904052734375, 0.7870121002197266], [268.3868103027344, 207.5490264892578, 11.210205078125, 0.0, 0.0, 0.0], [215.43458557128906, 209.98130798339844, 16.64402961730957, 1.2713775634765625, 4.790618896484375, 1.0896987915039062], [96.43087005615234, 155.8125457763672, 15.890668869018555, -1.5606460571289062, 1.961669921875, 0.0], [158.3914031982422, 152.25900268554688, 13.536831855773926, -0.4183197021484375, 0.1679229736328125, 0.0], [208.41175842285156, 150.59803771972656, 11.335715293884277, 0.9593353271484375, 2.0357818603515625, 0.01900005340576172], [254.76893615722656, 147.0, 7.599935054779053, 3.2310638427734375, 2.0, 0.0], [245.90740966796875, 98.44444274902344, 6.060576438903809, 2.6481475830078125, 0.5982894897460938, 0.0], [203.0, 100.1638412475586, 8.652423858642578, -2.77044677734375, 2.7135162353515625, 0.0], [155.64877319335938, 100.91498565673828, 9.73720645904541, 0.332000732421875, 1.501678466796875, 0.2860221862792969], [101.9188003540039, 100.47863006591797, 12.20070743560791, -1.0722198486328125, 0.7724151611328125, 0.1163644790649414], [34.16734313964844, 98.27168273925781, 17.820714950561523, -3.2078933715820312, 0.2362213134765625, 0.0], [235.51612854003906, 57.3870964050293, 6.465886116027832, 2.623260498046875, 0.018962860107421875, 0.0], [197.7760467529297, 57.82291793823242, 6.499307155609131, 0.7595367431640625, -0.1637420654296875, 0.8970203399658203], [152.53634643554688, 56.07268142700195, 9.26030445098877, 0.01800537109375, 0.3621025085449219, 0.0], [101.21258544921875, 53.591835021972656, 11.138311386108398, -1.15008544921875, -0.1168365478515625, 0.0], [38.95426940917969, 47.08231735229492, 14.468541145324707, -3.0376014709472656, -0.7178726196289062, 0.021744728088378906], [148.0, 19.5, 5.0, 0.0, 0.0, 0.0]], "id": 0}, {"BlobMoves": [[154.69989013671875, 218.9244384765625, 19.850948333740234, -0.4971923828125, 4.3684539794921875, 0.8609409332275391], [268.3868103027344, 207.5490264892578, 11.210205078125, 0.0, 0.0, 0.0], [215.43458557128906, 209.98130798339844, 16.64402961730957, 1.174041748046875, 4.66766357421875, 0.8539257049560547], [96.43087005615234, 155.8125457763672, 15.890668869018555, -1.5720672607421875, 1.9256134033203125, 0.0], [158.3914031982422, 152.25900268554688, 13.536831855773926, -0.3535308837890625, 0.15008544921875, 0.0], [208.41175842285156, 150.59803771972656, 11.335715293884277, 0.93768310546875, 2.0283660888671875, 0.08748626708984375], [254.76893615722656, 147.0, 7.599935054779053, 3.2004241943359375, 2.0306549072265625, 0.0], [245.90740966796875, 98.44444274902344, 6.060576438903809, 2.59259033203125, 0.5555572509765625, 0.0], [203.0, 100.1638412475586, 8.652423858642578, -2.48822021484375, 2.6678085327148438, 0.0], [155.64877319335938, 100.91498565673828, 9.73720645904541, 0.332000732421875, 1.501678466796875, 0.2860221862792969], [101.9188003540039, 100.47863006591797, 12.20070743560791, -1.1339035034179688, 1.0, 0.13092327117919922], [34.16734313964844, 98.27168273925781, 17.820714950561523, -3.269002914428711, 0.2566680908203125, 0.03887367248535156], [235.51612854003906, 57.3870964050293, 6.465886116027832, 2.573150634765625, -0.018047332763671875, 0.0], [197.7760467529297, 57.82291793823242, 6.499307155609131, 0.7595367431640625, -0.1637420654296875, 0.8970203399658203], [152.53634643554688, 56.07268142700195, 9.26030445098877, 0.32476806640625, 0.448150634765625, 0.0], [101.21258544921875, 53.591835021972656, 11.138311386108398, -1.2064132690429688, -0.15973663330078125, 0.0], [38.95426940917969, 47.08231735229492, 14.468541145324707, -2.9337234497070312, -0.6234130859375, 0.0], [148.0, 19.5, 5.0, 0.0, 0.0, 0.0]], "id": 1}, {"BlobMoves": [[154.69989013671875, 218.9244384765625, 19.850948333740234, -0.5507049560546875, 4.5565185546875, 0.5096054077148438], [268.3868103027344, 207.5490264892578, 11.210205078125, 0.0, 0.0, 0.0], [215.43458557128906, 209.98130798339844, 16.64402961730957, 1.2945404052734375, 4.92791748046875, 0.6789417266845703], [96.43087005615234, 155.8125457763672, 15.890668869018555, -1.6113128662109375, 1.9110107421875, 0.0], [158.3914031982422, 152.25900268554688, 13.536831855773926, -0.4064483642578125, 0.195892333984375, 0.0], [208.41175842285156, 150.59803771972656, 11.335715293884277, 0.8836669921875, 2.0449371337890625, 0.24378681182861328], [254.76893615722656, 147.0, 7.599935054779053, 2.8763580322265625, 1.9487152099609375, 0.0], [245.90740966796875, 98.44444274902344, 6.060576438903809, 2.59259033203125, 0.643280029296875, 0.0], [203.0, 100.1638412475586, 8.652423858642578, -2.5500030517578125, 2.7661590576171875, 0.0], [155.64877319335938, 100.91498565673828, 9.73720645904541, 0.286285400390625, 1.4551467895507812, 0.2558765411376953], [101.9188003540039, 100.47863006591797, 12.20070743560791, -1.1199264526367188, 0.8758010864257812, 0.2217845916748047], [34.16734313964844, 98.27168273925781, 17.820714950561523, -3.1501617431640625, 0.19498443603515625, 0.0], [235.51612854003906, 57.3870964050293, 6.465886116027832, 2.573150634765625, -0.018047332763671875, 0.0], [197.7760467529297, 57.82291793823242, 6.499307155609131, 0.7595367431640625, -0.1637420654296875, 0.8970203399658203], [152.53634643554688, 56.07268142700195, 9.26030445098877, 0.02886962890625, 0.48166656494140625, 0.0], [101.21258544921875, 53.591835021972656, 11.138311386108398, -1.2064132690429688, -0.15973663330078125, 0.0], [38.95426940917969, 47.08231735229492, 14.468541145324707, -3.0261878967285156, -0.6336860656738281, 0.0], [148.0, 19.5, 5.0, 0.0, 0.0, 0.0]], "id": 2}, {"BlobMoves": [[154.69989013671875, 218.9244384765625, 19.850948333740234, -0.5071258544921875, 4.3567047119140625, 0.5175342559814453], [268.3868103027344, 207.5490264892578, 11.210205078125, 0.0, 0.0, 0.0], [215.43458557128906, 209.98130798339844, 16.64402961730957, 1.1941070556640625, 4.78521728515625, 0.8720245361328125], [96.43087005615234, 155.8125457763672, 15.890668869018555, -1.5988540649414062, 1.7617645263671875, 0.0], [158.3914031982422, 152.25900268554688, 13.536831855773926, -0.3952178955078125, 0.1226806640625, 0.0], [208.41175842285156, 150.59803771972656, 11.335715293884277, 1.004913330078125, 2.0849761962890625, 0.07541179656982422], [254.76893615722656, 147.0, 7.599935054779053, 3.1224517822265625, 2.0749053955078125, 0.18427801132202148], [245.90740966796875, 98.44444274902344, 6.060576438903809, 2.5244140625, 0.9646453857421875, 0.0], [203.0, 100.1638412475586, 8.652423858642578, -2.8176116943359375, 2.6663436889648438, 0.0], [155.64877319335938, 100.91498565673828, 9.73720645904541, 0.0384368896484375, 1.448028564453125, 0.0], [101.9188003540039, 100.47863006591797, 12.20070743560791, -1.1339035034179688, 1.0, 0.13092327117919922], [34.16734313964844, 98.27168273925781, 17.820714950561523, -3.2078933715820312, 0.2362213134765625, 0.0], [235.51612854003906, 57.3870964050293, 6.465886116027832, 2.4838714599609375, -0.23084640502929688, 0.0], [197.7760467529297, 57.82291793823242, 6.499307155609131, 0.7595367431640625, -0.1637420654296875, 0.8970203399658203], [152.53634643554688, 56.07268142700195, 9.26030445098877, -0.0120086669921875, 0.3917388916015625, 0.0], [101.21258544921875, 53.591835021972656, 11.138311386108398, -1.2625885009765625, -0.12933349609375, 0.0], [38.95426940917969, 47.08231735229492, 14.468541145324707, -2.9749603271484375, -0.6030082702636719, 0.0], [148.0, 19.5, 5.0, 0.0, 0.0, 0.0]],