{"fz": -1.4327505, "mass": 584.2, "thetax": 15, "thetaz": -15, "fx": 1.4327505, "frame_width": 320, "torque": 0, "MoveData": [{"BlobMoves": [[154.69989013671875, 218.9244384765625, 19.850948333740234, 2.1080474853515625, -2.0341796875, 0.0], [268.3868103027344, 207.5490264892578, 11.210205078125, 3.534210205078125, -1.5237579345703125, 1.1030712127685547], [215.43458557128906, 209.98130798339844, 16.64402961730957, 2.030609130859375, -1.8721466064453125, 0.31614112854003906], [96.43087005615234, 155.8125457763672, 15.890668869018555, 1.6281204223632812, -1.8837127685546875, 0.0], [158.3914031982422, 152.25900268554688, 13.536831855773926, 1.3199615478515625, -3.0687103271484375, 0.0], [208.41175842285156, 150.59803771972656, 11.335715293884277, 1.958251953125, -1.223236083984375, 0.12308597564697266], [254.76893615722656, 147.0, 7.599935054779053, 3.1224517822265625, -1.9250946044921875, 0.18427801132202148], [245.90740966796875, 98.44444274902344, 6.060576438903809, 3.018524169921875, -2.0185165405273438, 0.018602848052978516], [203.0, 100.1638412475586, 8.652423858642578, -1.879058837890625, -0.1402435302734375, 0.0], [155.64877319335938, 100.91498565673828, 9.73720645904541, 1.8910064697265625, -1.0354156494140625, 0.13998794555664062], [101.9188003540039, 100.47863006591797, 12.20070743560791, 1.3936996459960938, -1.7980728149414062, 0.35333251953125], [34.16734313964844, 98.27168273925781, 17.820714950561523, 2.513885498046875, -2.1470870971679688, 0.0], [235.51612854003906, 57.3870964050293, 6.465886116027832, 3.02996826171875, -2.8409957885742188, 0.0], [197.7760467529297, 57.82291793823242, 6.499307155609131, 1.8831329345703125, -2.3584976196289062, 0.8970203399658203], [152.53634643554688, 56.07268142700195, 9.26030445098877, 1.873382568359375, -2.4384231567382812, 0.319915771484375], [101.21258544921875, 53.591835021972656, 11.138311386108398, 1.08978271484375, -2.4679718017578125, 0.0], [38.95426940917969, 47.08231735229492, 14.468541145324707, 1.2973518371582031, -2.038219451904297, 0.0], [148.0, 19.5, 5.0, 0.0, 0.0, 0.0]], "id": 0}, {"BlobMoves": [[154.69989013671875, 218.9244384765625, 19.850948333740234, 2.1017608642578125, -1.880035400390625, 0.0], [268.3868103027344, 207.5490264892578, 11.210205078125, 3.363983154296875, -1.5587310791015625, 0.7107248306274414], [215.43458557128906, 209.98130798339844, 16.64402961730957, 2.0438995361328125, -1.78509521484375, 0.3535594940185547], [96.43087005615234, 155.8125457763672, 15.890668869018555, 1.800933837890625, -1.919830322265625, 0.0], [158.3914031982422, 152.25900268554688, 13.536831855773926, 1.3199615478515625, -3.0687103271484375, 0.0], [208.41175842285156, 150.59803771972656, 11.335715293884277, 1.9118194580078125, -1.2500762939453125, 0.0917816162109375], [254.76893615722656, 147.0, 7.599935054779053, 3.1726531982421875, -1.6460418701171875, 0.31494712829589844], [245.90740966796875, 98.44444274902344, 6.060576438903809, 2.9195098876953125, -1.9636764526367188, 0.0], [203.0, 100.1638412475586, 8.652423858642578, -1.9159393310546875, -0.07978057861328125, 0.0], [155.64877319335938, 100.91498565673828, 9.73720645904541, 1.818756103515625, -0.9734268188476562, 0.19658279418945312], [101.9188003540039, 100.47863006591797, 12.20070743560791, 1.4645309448242188, -1.8605728149414062, 0.35434436798095703], [34.16734313964844, 98.27168273925781, 17.820714950561523, 2.5415992736816406, -2.173309326171875, 0.0], [235.51612854003906, 57.3870964050293, 6.465886116027832, 3.27471923828125, -2.8642196655273438, 0.0], [197.7760467529297, 57.82291793823242, 6.499307155609131, 1.8831329345703125, -2.3584976196289062, 0.8970203399658203], [152.53634643554688, 56.07268142700195, 9.26030445098877, 1.873382568359375, -2.4384231567382812, 0.319915771484375], [101.21258544921875, 53.591835021972656, 11.138311386108398, 1.1297607421875, -2.4206619262695312, 0.0], [38.95426940917969, 47.08231735229492, 14.468541145324707, 1.3995780944824219, -2.1348800659179688, 0.0], [148.0, 19.5, 5.0, 0.0, 0.0, 0.0]], "id": 1}, {"BlobMoves": [[154.69989013671875, 218.9244384765625, 19.850948333740234, 2.081787109375, -1.7948455810546875, 0.0], [268.3868103027344, 207.5490264892578, 11.210205078125, 3.316375732421875, -1.5537872314453125, 0.9751129150390625], [215.43458557128906, 209.98130798339844, 16.64402961730957, 2.027801513671875, -1.970245361328125, 0.06712532043457031], [96.43087005615234, 155.8125457763672, 15.890668869018555, 1.5850906372070312, -1.9130096435546875, 0.0], [158.3914031982422, 152.25900268554688, 13.536831855773926, 1.260162353515625, -2.94830322265625, 0.0], [208.41175842285156, 150.59803771972656, 11.335715293884277, 1.96539306640625, -1.2913055419921875, 0.22835731506347656], [254.76893615722656, 147.0, 7.599935054779053, 3.0829010009765625, -1.9555511474609375, 0.2207813262939453], [245.90740966796875, 98.44444274902344, 6.060576438903809, 3.018524169921875, -2.0185165405273438, 0.018602848052978516], [203.0, 100.1638412475586, 8.652423858642578, -1.813812255859375, -0.17584991455078125, 0.0], [155.64877319335938, 100.91498565673828, 9.73720645904541, 1.9242095947265625, -0.9781646728515625, 0.19525718688964844], [101.9188003540039, 100.47863006591797, 12.20070743560791, 1.4645309448242188, -1.8605728149414062, 0.35434436798095703], [34.16734313964844, 98.27168273925781, 17.820714950561523, 2.504108428955078, -2.0563735961914062, 0.0], [235.51612854003906, 57.3870964050293, 6.465886116027832, 3.02996826171875, -2.8409957885742188, 0.0], [197.7760467529297, 57.82291793823242, 6.499307155609131, 1.8831329345703125, -2.3584976196289062, 0.8970203399658203], [152.53634643554688, 56.07268142700195, 9.26030445098877, 1.844268798828125, -2.436748504638672, 0.09395027160644531], [101.21258544921875, 53.591835021972656, 11.138311386108398, 1.1297607421875, -2.4206619262695312, 0.0], [38.95426940917969, 47.08231735229492, 14.468541145324707, 1.1680755615234375, -2.2371253967285156, 0.0], [148.0, 19.5, 5.0, 0.0, 0.0, 0.0]], "id": 2}, {"BlobMoves": [[154.69989013671875, 218.9244384765625, 19.850948333740234, 2.103851318359375, -1.8506317138671875, 0.0], [268.3868103027344, 207.5490264892578, 11.210205078125, 3.095367431640625, -1.4901123046875, 1.0536117553710938], [215.43458557128906, 209.98130798339844, 16.64402961730957, 2.03076171875, -1.925140380859375, 0.24693870544433594], [96.43087005615234, 155.8125457763672, 15.890668869018555, 1.8560638427734375, -1.946075439453125, 0.0], [158.3914031982422, 152.25900268554688, 13.536831855773926, 1.326446533203125, -2.92816162109375, 0.0], [208.41175842285156, 150.59803771972656, 11.335715293884277, 1.89617919921875, -1.29010009765625, 0.14608001708984375], [254.76893615722656, 147.0, 7.599935054779053, 3.0829010009765625, -1.9555511474609375, 0.2207813262939453], [245.90740966796875, 98.44444274902344, 6.060576438903809, 3.018524169921875, -2.0185165405273438, 0.018602848052978516], [203.0, 100.1638412475586, 8.652423858642578, -1.879058837890625, -0.1402435302734375, 0.0], [155.64877319335938, 100.91498565673828, 9.73720645904541, 1.892608642578125, -1.0, 0.10687828063964844], [101.9188003540039, 100.47863006591797, 12.20070743560791, 1.492218017578125, -1.795013427734375, 0.17302894592285156], [34.16734313964844, 98.27168273925781, 17.820714950561523, 2.5380630493164062, -2.15142822265625, 0.0], [235.51612854003906, 57.3870964050293, 6.465886116027832, 3.3580780029296875, -2.78961181640625, 0.0], [197.7760467529297, 57.82291793823242, 6.499307155609131, 1.9165496826171875, -2.3932876586914062, 0.9595565795898438], [152.53634643554688, 56.07268142700195, 9.26030445098877, 1.873382568359375, -2.4384231567382812, 0.319915771484375], [101.21258544921875, 53.591835021972656, 11.138311386108398, 1.1297607421875, -2.4206619262695312, 0.0], [38.95426940917969, 47.08231735229492, 14.468541145324707, 1.2739334106445312, -2.0553932189941406, 0.0], [148.0, 19.5, 5.0, 0.0, 0.0, 0.0]],