{"fz": -2.910629975731543, "mass": 685.2, "thetax": -30, "thetaz": -30, "fx": -2.910629975731543, "frame_width": 320, "torque": 0, "MoveData": [{"BlobMoves": [[83.11040496826172, 228.63758850097656, 22.408933639526367, -11.51611328125, 0.3424835205078125, 4.530048370361328], [155.48275756835938, 218.83653259277344, 18.75141716003418, -5.78961181640625, -1.019134521484375, 1.2257728576660156], [268.6611633300781, 207.60073852539062, 11.20240592956543, 0.0, 0.0, 0.0], [216.1884002685547, 210.1253204345703, 15.753868103027344, -5.8226470947265625, -2.5863189697265625, 0.0], [96.89132690429688, 155.4022979736328, 14.178764343261719, -6.6275787353515625, -1.531158447265625, 1.5469465255737305], [159.07363891601562, 151.92636108398438, 12.78492259979248, -5.9408111572265625, -2.95062255859375, 0.10151004791259766], [209.0585174560547, 150.64361572265625, 10.93453598022461, -10.443862915039062, -5.028961181640625, 0.0], [255.10861206054688, 146.9250946044922, 7.784213066101074, -6.7046966552734375, -4.52117919921875, 0.0], [246.4539031982422, 98.54609680175781, 5.7045440673828125, -6.9539031982421875, -4.633819580078125, 0.0], [203.5, 100.0, 9.219544410705566, -9.33819580078125, -1.5307464599609375, 0.0], [156.55337524414062, 100.9172134399414, 9.881080627441406, -6.0407257080078125, -1.5011215209960938, 0.0], [102.44285583496094, 100.42857360839844, 11.425732612609863, -6.699882507324219, -2.534332275390625, 1.1974658966064453], [35.52709197998047, 97.86863708496094, 16.4787654876709, 0.0, 0.0, 0.0], [236.04678344726562, 57.46198654174805, 6.187841892242432, -6.046783447265625, -4.961986541748047, 0.0], [198.45578002929688, 57.45578384399414, 5.709700107574463, 0.0, 0.0, 0.0], [153.3407440185547, 55.69259262084961, 7.496034145355225, 0.0, 0.0, 0.0], [101.75391387939453, 53.51901626586914, 9.694889068603516, -6.199562072753906, -3.5407562255859375, 1.118093490600586], [40.61591339111328, 47.602195739746094, 13.255722045898438, 0.0, 0.0, 0.0], [41.49275207519531, 2.318840503692627, 7.014552593231201, 0.0, 0.0, 0.0]], "id": 0}, {"BlobMoves": [[83.11040496826172, 228.63758850097656, 22.408933639526367, -14.900215148925781, -0.545013427734375, 5.832408905029297], [155.48275756835938, 218.83653259277344, 18.75141716003418, -5.8258056640625, -0.9643707275390625, 1.0757999420166016], [268.6611633300781, 207.60073852539062, 11.20240592956543, 0.0, 0.0, 0.0], [216.1884002685547, 210.1253204345703, 15.753868103027344, -5.8981475830078125, -2.59814453125, 0.0], [96.89132690429688, 155.4022979736328, 14.178764343261719, -6.558837890625, -1.555877685546875, 1.6046810150146484], [159.07363891601562, 151.92636108398438, 12.78492259979248, -6.052093505859375, -2.91241455078125, 0.0], [209.0585174560547, 150.64361572265625, 10.93453598022461, -10.478179931640625, -4.969757080078125, 0.0], [255.10861206054688, 146.9250946044922, 7.784213066101074, -7.040435791015625, -4.56146240234375, 0.0], [246.4539031982422, 98.54609680175781, 5.7045440673828125, -6.9539031982421875, -4.633819580078125, 0.0], [203.5, 100.0, 9.219544410705566, -9.33819580078125, -1.5307464599609375, 0.0], [156.55337524414062, 100.9172134399414, 9.881080627441406, -6.0407257080078125, -1.5011215209960938, 0.0], [102.44285583496094, 100.42857360839844, 11.425732612609863, -6.758995056152344, -2.5833358764648438, 1.2663021087646484], [35.52709197998047, 97.86863708496094, 16.4787654876709, 0.0, 0.0, 0.0], [236.04678344726562, 57.46198654174805, 6.187841892242432, -6.09356689453125, -4.923976898193359, 0.0], [198.45578002929688, 57.45578384399414, 5.709700107574463, 0.0, 0.0, 0.0], [153.3407440185547, 55.69259262084961, 7.496034145355225, 0.0, 0.0, 0.0], [101.75391387939453, 53.51901626586914, 9.694889068603516, -6.182487487792969, -3.590442657470703, 1.1500205993652344], [40.61591339111328, 47.602195739746094, 13.255722045898438, 0.0, 0.0, 0.0], [41.49275207519531, 2.318840503692627, 7.014552593231201, 0.0, 0.0, 0.0]], "id": 1}, {"BlobMoves": [[83.11040496826172, 228.63758850097656, 22.408933639526367, -17.336822509765625, -1.0995330810546875, 7.184736251831055], [155.48275756835938, 218.83653259277344, 18.75141716003418, -5.7500762939453125, -0.99310302734375, 1.3089351654052734], [268.6611633300781, 207.60073852539062, 11.20240592956543, 0.0, 0.0, 0.0], [216.1884002685547, 210.1253204345703, 15.753868103027344, -5.9627532958984375, -2.6566009521484375, 0.0], [96.89132690429688, 155.4022979736328, 14.178764343261719, -6.647735595703125, -1.5877685546875, 1.5513601303100586], [159.07363891601562, 151.92636108398438, 12.78492259979248, -5.8546905517578125, -2.853790283203125, 0.30991649627685547], [209.0585174560547, 150.64361572265625, 10.93453598022461, -10.478179931640625, -4.969757080078125, 0.0], [255.10861206054688, 146.9250946044922, 7.784213066101074, -7.1586151123046875, -4.7209320068359375, 0.0], [246.4539031982422, 98.54609680175781, 5.7045440673828125, -6.9539031982421875, -4.633819580078125, 0.0], [203.5, 100.0, 9.219544410705566, -9.313812255859375, -1.2432403564453125, 0.0], [156.55337524414062, 100.9172134399414, 9.881080627441406, -6.0407257080078125, -1.5011215209960938, 0.0], [102.44285583496094, 100.42857360839844, 11.425732612609863, -6.740753173828125, -2.5388107299804688, 1.3272581100463867], [35.52709197998047, 97.86863708496094, 16.4787654876709, 0.0, 0.0, 0.0], [236.04678344726562, 57.46198654174805, 6.187841892242432, -6.046783447265625, -4.961986541748047, 0.0], [198.45578002929688, 57.45578384399414, 5.709700107574463, 0.0, 0.0, 0.0], [153.3407440185547, 55.69259262084961, 7.496034145355225, 0.0, 0.0, 0.0], [101.75391387939453, 53.51901626586914, 9.694889068603516, -6.253913879394531, -3.5190162658691406, 1.0285110473632812], [40.61591339111328, 47.602195739746094, 13.255722045898438, 0.0, 0.0, 0.0], [41.49275207519531, 2.318840503692627, 7.014552593231201, 0.0, 0.0, 0.0]], "id": 2}, {"BlobMoves": [[83.11040496826172, 228.63758850097656, 22.408933639526367, -19.869094848632812, -1.9493865966796875, 8.105857849121094], [155.48275756835938, 218.83653259277344, 18.75141716003418, -5.807464599609375, -1.044189453125, 1.0781116485595703], [268.6611633300781, 207.60073852539062, 11.20240592956543, 0.0, 0.0, 0.0], [216.1884002685547, 210.1253204345703, 15.753868103027344, -5.9365997314453125, -2.5762939453125, 0.0], [96.89132690429688, 155.4022979736328, 14.178764343261719, -6.770111083984375, -1.487152099609375, 1.5797252655029297], [159.07363891601562, 151.92636108398438, 12.78492259979248, -6.0558929443359375, -2.9086151123046875, 0.0], [209.0585174560547, 150.64361572265625, 10.93453598022461, -10.443862915039062, -5.028961181640625, 0.0], [255.10861206054688, 146.9250946044922, 7.784213066101074, -7.085357666015625, -4.5568695068359375, 0.0], [246.4539031982422, 98.54609680175781, 5.7045440673828125, -7.0220794677734375, -4.9551849365234375, 0.0], [203.5, 100.0, 9.219544410705566, -9.313812255859375, -1.2432403564453125, 0.0], [156.55337524414062, 100.9172134399414, 9.881080627441406, -6.0407257080078125, -1.5011215209960938, 0.0], [102.44285583496094, 100.42857360839844, 11.425732612609863, -6.758995056152344, -2.5833358764648438, 1.2663021087646484], [35.52709197998047, 97.86863708496094, 16.4787654876709, 0.0, 0.0, 0.0], [236.04678344726562, 57.46198654174805, 6.187841892242432, -6.046783447265625, -4.961986541748047, 0.0], [198.45578002929688, 57.45578384399414, 5.709700107574463, 0.0, 0.0, 0.0], [153.3407440185547, 55.69259262084961, 7.496034145355225, 0.0, 0.0, 0.0], [101.75391387939453, 53.51901626586914, 9.694889068603516, -6.237785339355469, -3.588909149169922, 1.2501649856567383], [40.61591339111328, 47.602195739746094, 13.255722045898438, 0.0, 0.0, 0.0], [41.49275207519531, 2.318840503692627, 7.014552593231201, 0.0, 0.0, 0.0]],