{"fz": -2.4815966605697124, "mass": 584.2, "thetax": -30, "thetaz": -30, "fx": -2.4815966605697124, "frame_width": 320, "torque": 0, "MoveData": [{"BlobMoves": [[83.11040496826172, 228.63758850097656, 22.408933639526367, -9.777786254882812, 0.8124542236328125, 4.589223861694336], [155.48275756835938, 218.83653259277344, 18.75141716003418, -4.2196502685546875, -1.182830810546875, 1.3799247741699219], [268.6611633300781, 207.60073852539062, 11.20240592956543, -5.936920166015625, -6.02801513671875, 0.0], [216.1884002685547, 210.1253204345703, 15.753868103027344, -4.8349609375, -2.7401275634765625, 0.0], [96.89132690429688, 155.4022979736328, 14.178764343261719, -4.960235595703125, -1.00091552734375, 1.6856002807617188], [159.07363891601562, 151.92636108398438, 12.78492259979248, -4.6049346923828125, -2.68243408203125, 0.24056720733642578], [209.0585174560547, 150.64361572265625, 10.93453598022461, -9.470596313476562, -4.6409912109375, 0.0], [255.10861206054688, 146.9250946044922, 7.784213066101074, -6.4961090087890625, -4.53759765625, 0.0], [246.4539031982422, 98.54609680175781, 5.7045440673828125, -6.4539031982421875, -4.5460968017578125, 0.0], [203.5, 100.0, 9.219544410705566, -8.370376586914062, -1.0, 0.0], [156.55337524414062, 100.9172134399414, 9.881080627441406, -4.978424072265625, -1.3422698974609375, 0.0], [102.44285583496094, 100.42857360839844, 11.425732612609863, -5.306243896484375, -1.62939453125, 1.0295886993408203], [35.52709197998047, 97.86863708496094, 16.4787654876709, -9.185836791992188, -2.0838165283203125, 1.5314674377441406], [236.04678344726562, 57.46198654174805, 6.187841892242432, -5.0970916748046875, -4.707271575927734, 0.0], [198.45578002929688, 57.45578384399414, 5.709700107574463, 0.0, 0.0, 0.0], [153.3407440185547, 55.69259262084961, 7.496034145355225, 0.0, 0.0, 0.0], [101.75391387939453, 53.51901626586914, 9.694889068603516, -5.1195068359375, -2.6749305725097656, 1.2253789901733398], [40.61591339111328, 47.602195739746094, 13.255722045898438, 0.0, 0.0, 0.0], [41.49275207519531, 2.318840503692627, 7.014552593231201, 0.0, 0.0, 0.0]], "id": 0}, {"BlobMoves": [[83.11040496826172, 228.63758850097656, 22.408933639526367, -13.154075622558594, 0.1663665771484375, 5.104532241821289], [155.48275756835938, 218.83653259277344, 18.75141716003418, -4.211029052734375, -1.186920166015625, 0.9918575286865234], [268.6611633300781, 207.60073852539062, 11.20240592956543, 0.0, 0.0, 0.0], [216.1884002685547, 210.1253204345703, 15.753868103027344, -4.9127960205078125, -2.7494964599609375, 0.0], [96.89132690429688, 155.4022979736328, 14.178764343261719, -4.9774322509765625, -1.1815032958984375, 1.7255620956420898], [159.07363891601562, 151.92636108398438, 12.78492259979248, -4.625152587890625, -2.521514892578125, 0.41455554962158203], [209.0585174560547, 150.64361572265625, 10.93453598022461, -9.455108642578125, -4.9088287353515625, 0.0], [255.10861206054688, 146.9250946044922, 7.784213066101074, -6.4961090087890625, -4.53759765625, 0.0], [246.4539031982422, 98.54609680175781, 5.7045440673828125, -6.4539031982421875, -4.5460968017578125, 0.0], [203.5, 100.0, 9.219544410705566, -8.374618530273438, -1.0672760009765625, 0.0], [156.55337524414062, 100.9172134399414, 9.881080627441406, -4.978424072265625, -1.3422698974609375, 0.0], [102.44285583496094, 100.42857360839844, 11.425732612609863, -5.306243896484375, -1.62939453125, 1.0295886993408203], [35.52709197998047, 97.86863708496094, 16.4787654876709, -9.185836791992188, -2.0838165283203125, 1.5314674377441406], [236.04678344726562, 57.46198654174805, 6.187841892242432, -5.0970916748046875, -4.707271575927734, 0.0], [198.45578002929688, 57.45578384399414, 5.709700107574463, 0.0, 0.0, 0.0], [153.3407440185547, 55.69259262084961, 7.496034145355225, 0.0, 0.0, 0.0], [101.75391387939453, 53.51901626586914, 9.694889068603516, -5.065147399902344, -2.6552963256835938, 0.9310750961303711], [40.61591339111328, 47.602195739746094, 13.255722045898438, 0.0, 0.0, 0.0], [41.49275207519531, 2.318840503692627, 7.014552593231201, 0.0, 0.0, 0.0]], "id": 1}, {"BlobMoves": [[83.11040496826172, 228.63758850097656, 22.408933639526367, -16.449134826660156, -1.13800048828125, 7.023279190063477], [155.48275756835938, 218.83653259277344, 18.75141716003418, -4.2574005126953125, -1.1709747314453125, 0.9273109436035156], [268.6611633300781, 207.60073852539062, 11.20240592956543, 0.0, 0.0, 0.0], [216.1884002685547, 210.1253204345703, 15.753868103027344, -4.855072021484375, -2.7727508544921875, 0.0], [96.89132690429688, 155.4022979736328, 14.178764343261719, -4.918609619140625, -1.2803802490234375, 1.768538475036621], [159.07363891601562, 151.92636108398438, 12.78492259979248, -4.6356201171875, -2.650787353515625, 0.5700922012329102], [209.0585174560547, 150.64361572265625, 10.93453598022461, -9.409942626953125, -4.6875457763671875, 0.0], [255.10861206054688, 146.9250946044922, 7.784213066101074, -6.572021484375, -4.498260498046875, 0.0], [246.4539031982422, 98.54609680175781, 5.7045440673828125, -6.4539031982421875, -4.5460968017578125, 0.0], [203.5, 100.0, 9.219544410705566, -8.436370849609375, -1.0363616943359375, 0.0], [156.55337524414062, 100.9172134399414, 9.881080627441406, -4.978424072265625, -1.3422698974609375, 0.0], [102.44285583496094, 100.42857360839844, 11.425732612609863, -5.3025054931640625, -1.6013107299804688, 1.073272705078125], [35.52709197998047, 97.86863708496094, 16.4787654876709, -9.192447662353516, -2.0860595703125, 1.5911846160888672], [236.04678344726562, 57.46198654174805, 6.187841892242432, -5.0970916748046875, -4.707271575927734, 0.0], [198.45578002929688, 57.45578384399414, 5.709700107574463, 0.0, 0.0, 0.0], [153.3407440185547, 55.69259262084961, 7.496034145355225, 0.0, 0.0, 0.0], [101.75391387939453, 53.51901626586914, 9.694889068603516, -4.9144744873046875, -2.6533966064453125, 1.279973030090332], [40.61591339111328, 47.602195739746094, 13.255722045898438, 0.0, 0.0, 0.0], [41.49275207519531, 2.318840503692627, 7.014552593231201, 0.0, 0.0, 0.0]], "id": 2}, {"BlobMoves": [[83.11040496826172, 228.63758850097656, 22.408933639526367, -18.970565795898438, -1.866851806640625, 8.124042510986328], [155.48275756835938, 218.83653259277344, 18.75141716003418, -4.19427490234375, -1.250701904296875, 1.0021095275878906], [268.6611633300781, 207.60073852539062, 11.20240592956543, 0.0, 0.0, 0.0], [216.1884002685547, 210.1253204345703, 15.753868103027344, -4.85400390625, -2.8353729248046875, 0.0], [96.89132690429688, 155.4022979736328, 14.178764343261719, -4.870338439941406, -1.0865936279296875, 1.8756389617919922], [159.07363891601562, 151.92636108398438, 12.78492259979248, -4.6933746337890625, -2.56414794921875, 0.512415885925293], [209.0585174560547, 150.64361572265625, 10.93453598022461, -9.470596313476562, -4.6409912109375, 0.0], [255.10861206054688, 146.9250946044922, 7.784213066101074, -6.572021484375, -4.498260498046875, 0.0], [246.4539031982422, 98.54609680175781, 5.7045440673828125, -6.4539031982421875, -4.5460968017578125, 0.0], [203.5, 100.0, 9.219544410705566, -8.436370849609375, -1.0363616943359375, 0.0], [156.55337524414062, 100.9172134399414, 9.881080627441406, -4.978424072265625, -1.3422698974609375, 0.0], [102.44285583496094, 100.42857360839844, 11.425732612609863, -5.282966613769531, -1.5830459594726562, 1.0309057235717773], [35.52709197998047, 97.86863708496094, 16.4787654876709, -9.180660247802734, -2.0310440063476562, 1.4790210723876953], [236.04678344726562, 57.46198654174805, 6.187841892242432, -5.0970916748046875, -4.707271575927734, 0.0], [198.45578002929688, 57.45578384399414, 5.709700107574463, 0.0, 0.0, 0.0], [153.3407440185547, 55.69259262084961, 7.496034145355225, 0.0, 0.0, 0.0], [101.75391387939453, 53.51901626586914, 9.694889068603516, -4.919708251953125, -2.5469398498535156, 1.3639564514160156], [40.61591339111328, 47.602195739746094, 13.255722045898438, 0.0, 0.0, 0.0], [41.49275207519531, 2.318840503692627, 7.014552593231201, 0.0, 0.0, 0.0]],