{"fz": -0.33255900000000005, "mass": 135.6, "thetax": 15, "thetaz": -15, "fx": 0.33255900000000005, "frame_width": 320, "torque": 0, "MoveData": [{"BlobMoves": [[154.69989013671875, 218.9244384765625, 19.850948333740234, 0.8569793701171875, 0.4932098388671875, 0.0], [268.3868103027344, 207.5490264892578, 11.210205078125, 0.509735107421875, 0.03143310546875, 2.62003231048584], [215.43458557128906, 209.98130798339844, 16.64402961730957, 0.7342987060546875, -0.054962158203125, 1.580423355102539], [96.43087005615234, 155.8125457763672, 15.890668869018555, 0.0, 0.0, 0.0], [158.3914031982422, 152.25900268554688, 13.536831855773926, 0.0, 0.0, 0.0], [208.41175842285156, 150.59803771972656, 11.335715293884277, 0.86676025390625, -0.061737060546875, 0.5038290023803711], [254.76893615722656, 147.0, 7.599935054779053, 0.61773681640625, -0.245330810546875, 1.4872794151306152], [245.90740966796875, 98.44444274902344, 6.060576438903809, 0.1531982421875, -0.368682861328125, 0.3525509834289551], [203.0, 100.1638412475586, 8.652423858642578, -2.864501953125, 1.1911697387695312, 0.24889087677001953], [155.64877319335938, 100.91498565673828, 9.73720645904541, 0.8733673095703125, -0.19004058837890625, 0.0], [101.9188003540039, 100.47863006591797, 12.20070743560791, 0.2519683837890625, -0.366973876953125, 0.0], [34.16734313964844, 98.27168273925781, 17.820714950561523, 0.638275146484375, -0.40076446533203125, 0.0], [235.51612854003906, 57.3870964050293, 6.465886116027832, 0.445220947265625, -0.34844970703125, 0.0], [197.7760467529297, 57.82291793823242, 6.499307155609131, 0.3165435791015625, -0.3784751892089844, 0.0], [152.53634643554688, 56.07268142700195, 9.26030445098877, 0.543548583984375, -0.1525726318359375, 0.0], [101.21258544921875, 53.591835021972656, 11.138311386108398, 0.520751953125, -0.18264007568359375, 0.0], [38.95426940917969, 47.08231735229492, 14.468541145324707, 0.11884307861328125, -0.3214759826660156, 0.0], [148.0, 19.5, 5.0, 0.0, 0.0, 0.0]], "id": 0}, {"BlobMoves": [[154.69989013671875, 218.9244384765625, 19.850948333740234, 0.85479736328125, 0.4544677734375, 0.0], [268.3868103027344, 207.5490264892578, 11.210205078125, 0.744903564453125, 0.068389892578125, 2.784709930419922], [215.43458557128906, 209.98130798339844, 16.64402961730957, 0.865478515625, -0.071258544921875, 1.7058429718017578], [96.43087005615234, 155.8125457763672, 15.890668869018555, 0.0, 0.0, 0.0], [158.3914031982422, 152.25900268554688, 13.536831855773926, 0.0, 0.0, 0.0], [208.41175842285156, 150.59803771972656, 11.335715293884277, 0.7578125, -0.1458587646484375, 0.7052335739135742], [254.76893615722656, 147.0, 7.599935054779053, 0.577728271484375, -0.1573333740234375, 1.3962712287902832], [245.90740966796875, 98.44444274902344, 6.060576438903809, 0.139373779296875, 0.017547607421875, 0.12726545333862305], [203.0, 100.1638412475586, 8.652423858642578, -2.9396514892578125, 0.9511032104492188, 0.0], [155.64877319335938, 100.91498565673828, 9.73720645904541, 0.851226806640625, -0.1626739501953125, 0.0], [101.9188003540039, 100.47863006591797, 12.20070743560791, 0.173431396484375, -0.40581512451171875, 0.0], [34.16734313964844, 98.27168273925781, 17.820714950561523, 0.5915374755859375, -0.413787841796875, 0.0], [235.51612854003906, 57.3870964050293, 6.465886116027832, 0.445220947265625, -0.34844970703125, 0.0], [197.7760467529297, 57.82291793823242, 6.499307155609131, 0.2239532470703125, -0.6078643798828125, 0.0], [152.53634643554688, 56.07268142700195, 9.26030445098877, 0.463653564453125, -0.23652267456054688, 0.0], [101.21258544921875, 53.591835021972656, 11.138311386108398, 0.497161865234375, -0.126983642578125, 0.0], [38.95426940917969, 47.08231735229492, 14.468541145324707, 0.3413276672363281, -0.24583816528320312, 0.0], [148.0, 19.5, 5.0, 0.0, 0.0, 0.0]], "id": 1}, {"BlobMoves": [[154.69989013671875, 218.9244384765625, 19.850948333740234, 0.8819580078125, 0.277679443359375, 0.0], [268.3868103027344, 207.5490264892578, 11.210205078125, 0.60614013671875, -0.00677490234375, 2.6428213119506836], [215.43458557128906, 209.98130798339844, 16.64402961730957, 0.7876434326171875, -0.0701904296875, 1.5660476684570312], [96.43087005615234, 155.8125457763672, 15.890668869018555, 0.0, 0.0, 0.0], [158.3914031982422, 152.25900268554688, 13.536831855773926, 0.0, 0.0, 0.0], [208.41175842285156, 150.59803771972656, 11.335715293884277, 0.735565185546875, -0.1114349365234375, 0.6306724548339844], [254.76893615722656, 147.0, 7.599935054779053, 0.6431427001953125, -0.1863555908203125, 1.5192389488220215], [245.90740966796875, 98.44444274902344, 6.060576438903809, 0.1531982421875, -0.368682861328125, 0.3525509834289551], [203.0, 100.1638412475586, 8.652423858642578, -2.9088287353515625, 0.9814605712890625, 0.0], [155.64877319335938, 100.91498565673828, 9.73720645904541, 0.8733673095703125, -0.19004058837890625, 0.0], [101.9188003540039, 100.47863006591797, 12.20070743560791, 0.225433349609375, -0.42574310302734375, 0.0], [34.16734313964844, 98.27168273925781, 17.820714950561523, 0.6181068420410156, -0.5174102783203125, 0.0], [235.51612854003906, 57.3870964050293, 6.465886116027832, 0.445220947265625, -0.34844970703125, 0.0], [197.7760467529297, 57.82291793823242, 6.499307155609131, 0.2239532470703125, -0.4383049011230469, 0.0], [152.53634643554688, 56.07268142700195, 9.26030445098877, 0.543548583984375, -0.1525726318359375, 0.0], [101.21258544921875, 53.591835021972656, 11.138311386108398, 0.497161865234375, -0.126983642578125, 0.0], [38.95426940917969, 47.08231735229492, 14.468541145324707, 0.354095458984375, -0.2783241271972656, 0.0], [148.0, 19.5, 5.0, 0.0, 0.0, 0.0]], "id": 2}, {"BlobMoves": [[154.69989013671875, 218.9244384765625, 19.850948333740234, 0.873809814453125, 0.33319091796875, 0.0], [268.3868103027344, 207.5490264892578, 11.210205078125, 0.567413330078125, -0.045501708984375, 2.7341508865356445], [215.43458557128906, 209.98130798339844, 16.64402961730957, 0.9006195068359375, 0.100311279296875, 1.7940483093261719], [96.43087005615234, 155.8125457763672, 15.890668869018555, 0.0, 0.0, 0.0], [158.3914031982422, 152.25900268554688, 13.536831855773926, 0.0, 0.0, 0.0], [208.41175842285156, 150.59803771972656, 11.335715293884277, 0.71551513671875, -0.1343994140625, 0.5598850250244141], [254.76893615722656, 147.0, 7.599935054779053, 0.7039947509765625, -0.472930908203125, 1.0779109001159668], [245.90740966796875, 98.44444274902344, 6.060576438903809, 0.195159912109375, -0.34188079833984375, 0.3989267349243164], [203.0, 100.1638412475586, 8.652423858642578, -2.841522216796875, 1.1640243530273438, 0.23673629760742188], [155.64877319335938, 100.91498565673828, 9.73720645904541, 0.81695556640625, -0.2364959716796875, 0.0], [101.9188003540039, 100.47863006591797, 12.20070743560791, 0.44953155517578125, -0.40363311767578125, 0.0], [34.16734313964844, 98.27168273925781, 17.820714950561523, 0.5915374755859375, -0.413787841796875, 0.0], [235.51612854003906, 57.3870964050293, 6.465886116027832, 0.445220947265625, -0.34844970703125, 0.0], [197.7760467529297, 57.82291793823242, 6.499307155609131, 0.1313629150390625, -0.3784751892089844, 0.0], [152.53634643554688, 56.07268142700195, 9.26030445098877, 0.4944610595703125, -0.212738037109375, 0.0], [101.21258544921875, 53.591835021972656, 11.138311386108398, 0.49343109130859375, -0.20526123046875, 0.0], [38.95426940917969, 47.08231735229492, 14.468541145324707, 0.3359718322753906, -0.34214019775390625, 0.0], [148.0, 19.5, 5.0, 0.0, 0.0, 0.0]],