{"fz": -1.6804530000000002, "mass": 685.2, "thetax": 15, "thetaz": -15, "fx": 1.6804530000000002, "frame_width": 320, "torque": 0, "MoveData": [{"BlobMoves": [[154.69989013671875, 218.9244384765625, 19.850948333740234, 2.51763916015625, -1.3656158447265625, 0.0], [268.3868103027344, 207.5490264892578, 11.210205078125, 0.0, 0.0, 0.0], [215.43458557128906, 209.98130798339844, 16.64402961730957, 3.2489471435546875, -1.6142425537109375, 0.0], [96.43087005615234, 155.8125457763672, 15.890668869018555, 2.0630340576171875, -2.2393798828125, 0.0], [158.3914031982422, 152.25900268554688, 13.536831855773926, 2.0195770263671875, -3.43035888671875, 0.0], [208.41175842285156, 150.59803771972656, 11.335715293884277, 2.6627044677734375, -2.0448455810546875, 0.0], [254.76893615722656, 147.0, 7.599935054779053, 3.8170928955078125, -2.5, 0.0], [245.90740966796875, 98.44444274902344, 6.060576438903809, 3.51788330078125, -2.9846725463867188, 0.0], [203.0, 100.1638412475586, 8.652423858642578, -1.1041717529296875, -0.7471771240234375, 0.0], [155.64877319335938, 100.91498565673828, 9.73720645904541, 2.71630859375, -1.8171005249023438, 0.0], [101.9188003540039, 100.47863006591797, 12.20070743560791, 2.07379150390625, -2.1527023315429688, 0.0], [34.16734313964844, 98.27168273925781, 17.820714950561523, 1.2715835571289062, -2.9304656982421875, 0.0], [235.51612854003906, 57.3870964050293, 6.465886116027832, 3.537628173828125, -3.333332061767578, 0.0], [197.7760467529297, 57.82291793823242, 6.499307155609131, 2.75006103515625, -3.2847633361816406, 0.6547994613647461], [152.53634643554688, 56.07268142700195, 9.26030445098877, 2.7497406005859375, -3.1487960815429688, 0.0], [101.21258544921875, 53.591835021972656, 11.138311386108398, 1.6831207275390625, -3.3975601196289062, 0.0], [38.95426940917969, 47.08231735229492, 14.468541145324707, 0.6452255249023438, -3.7236366271972656, 0.0], [148.0, 19.5, 5.0, 0.0, 0.0, 0.0]], "id": 0}, {"BlobMoves": [[154.69989013671875, 218.9244384765625, 19.850948333740234, 2.5710906982421875, -1.3577728271484375, 0.0], [268.3868103027344, 207.5490264892578, 11.210205078125, 0.0, 0.0, 0.0], [215.43458557128906, 209.98130798339844, 16.64402961730957, 3.3251800537109375, -1.586456298828125, 0.0], [96.43087005615234, 155.8125457763672, 15.890668869018555, 2.0903396606445312, -2.27618408203125, 0.0], [158.3914031982422, 152.25900268554688, 13.536831855773926, 2.0202789306640625, -3.3333740234375, 0.0], [208.41175842285156, 150.59803771972656, 11.335715293884277, 2.6588897705078125, -1.9512939453125, 0.0], [254.76893615722656, 147.0, 7.599935054779053, 3.9081573486328125, -2.546875, 0.0], [245.90740966796875, 98.44444274902344, 6.060576438903809, 3.09259033203125, -2.9444427490234375, 0.0], [203.0, 100.1638412475586, 8.652423858642578, -1.07000732421875, -0.7138442993164062, 0.0], [155.64877319335938, 100.91498565673828, 9.73720645904541, 2.7569122314453125, -1.8633041381835938, 0.0], [101.9188003540039, 100.47863006591797, 12.20070743560791, 2.1101150512695312, -2.2853240966796875, 0.0], [34.16734313964844, 98.27168273925781, 17.820714950561523, 1.3303108215332031, -2.8992233276367188, 0.0], [235.51612854003906, 57.3870964050293, 6.465886116027832, 3.4838714599609375, -3.2759857177734375, 0.0], [197.7760467529297, 57.82291793823242, 6.499307155609131, 2.7120513916015625, -3.2594261169433594, 0.6975297927856445], [152.53634643554688, 56.07268142700195, 9.26030445098877, 2.543548583984375, -3.1525726318359375, 0.0], [101.21258544921875, 53.591835021972656, 11.138311386108398, 1.705108642578125, -3.418994903564453, 0.0], [38.95426940917969, 47.08231735229492, 14.468541145324707, 0.6452255249023438, -3.7236366271972656, 0.0], [148.0, 19.5, 5.0, 0.0, 0.0, 0.0]], "id": 1}, {"BlobMoves": [[154.69989013671875, 218.9244384765625, 19.850948333740234, 2.63470458984375, -1.249603271484375, 0.0], [268.3868103027344, 207.5490264892578, 11.210205078125, 0.0, 0.0, 0.0], [215.43458557128906, 209.98130798339844, 16.64402961730957, 3.2926177978515625, -1.575836181640625, 0.0], [96.43087005615234, 155.8125457763672, 15.890668869018555, 2.1411361694335938, -2.251617431640625, 0.0], [158.3914031982422, 152.25900268554688, 13.536831855773926, 2.0605010986328125, -3.427642822265625, 0.0], [208.41175842285156, 150.59803771972656, 11.335715293884277, 2.640869140625, -2.0980377197265625, 0.0], [254.76893615722656, 147.0, 7.599935054779053, 4.3025054931640625, -2.5714263916015625, 0.0], [245.90740966796875, 98.44444274902344, 6.060576438903809, 3.09259033203125, -2.9444427490234375, 0.0], [203.0, 100.1638412475586, 8.652423858642578, -1.07000732421875, -0.7138442993164062, 0.0], [155.64877319335938, 100.91498565673828, 9.73720645904541, 2.7633056640625, -1.9123611450195312, 0.0], [101.9188003540039, 100.47863006591797, 12.20070743560791, 2.0734481811523438, -2.3918075561523438, 0.0], [34.16734313964844, 98.27168273925781, 17.820714950561523, 1.3188667297363281, -2.98248291015625, 0.0], [235.51612854003906, 57.3870964050293, 6.465886116027832, 3.5910186767578125, -3.1966209411621094, 0.0], [197.7760467529297, 57.82291793823242, 6.499307155609131, 2.8177032470703125, -3.369792938232422, 0.37320661544799805], [152.53634643554688, 56.07268142700195, 9.26030445098877, 2.8150787353515625, -3.1786231994628906, 0.0], [101.21258544921875, 53.591835021972656, 11.138311386108398, 1.902496337890625, -3.389453887939453, 0.0], [38.95426940917969, 47.08231735229492, 14.468541145324707, 0.621490478515625, -3.7426719665527344, 0.0], [148.0, 19.5, 5.0, 0.0, 0.0, 0.0]], "id": 2}, {"BlobMoves": [[154.69989013671875, 218.9244384765625, 19.850948333740234, 2.560791015625, -1.4024658203125, 0.0], [268.3868103027344, 207.5490264892578, 11.210205078125, 0.0, 0.0, 0.0], [215.43458557128906, 209.98130798339844, 16.64402961730957, 3.3091888427734375, -1.5491790771484375, 0.0], [96.43087005615234, 155.8125457763672, 15.890668869018555, 2.1145858764648438, -1.977325439453125, 0.0], [158.3914031982422, 152.25900268554688, 13.536831855773926, 1.9863739013671875, -3.375335693359375, 0.0], [208.41175842285156, 150.59803771972656, 11.335715293884277, 2.6650238037109375, -2.1146240234375, 0.0], [254.76893615722656, 147.0, 7.599935054779053, 3.9081573486328125, -2.546875, 0.0], [245.90740966796875, 98.44444274902344, 6.060576438903809, 3.5092620849609375, -2.6203689575195312, 0.0], [203.0, 100.1638412475586, 8.652423858642578, -1.07000732421875, -0.7138442993164062, 0.0], [155.64877319335938, 100.91498565673828, 9.73720645904541, 2.7462921142578125, -1.6606674194335938, 0.0], [101.9188003540039, 100.47863006591797, 12.20070743560791, 2.0253982543945312, -2.1820068359375, 0.0], [34.16734313964844, 98.27168273925781, 17.820714950561523, 1.2136077880859375, -2.9452590942382812, 0.0], [235.51612854003906, 57.3870964050293, 6.465886116027832, 3.4838714599609375, -3.2759857177734375, 0.0], [197.7760467529297, 57.82291793823242, 6.499307155609131, 2.6864471435546875, -3.2479171752929688, 0.6894125938415527], [152.53634643554688, 56.07268142700195, 9.26030445098877, 2.7497406005859375, -3.1487960815429688, 0.0], [101.21258544921875, 53.591835021972656, 11.138311386108398, 1.9666061401367188, -3.4685211181640625, 0.0], [38.95426940917969, 47.08231735229492, 14.468541145324707, 0.621490478515625, -3.7426719665527344, 0.0], [148.0, 19.5, 5.0, 0.0, 0.0, 0.0]],