{"fz": 0.0, "mass": 584.2, "thetax": 30, "thetaz": 0, "fx": 2.8655009999999996, "frame_width": 320, "torque": 0, "MoveData": [{"BlobMoves": [[83.07635498046875, 228.4589080810547, 23.334030151367188, 2.90411376953125, 0.9312896728515625, 0.0], [155.12779235839844, 218.5762481689453, 19.023603439331055, 3.45068359375, 1.4062347412109375, 0.0], [268.4666748046875, 207.3386688232422, 9.159725189208984, 0.0, 0.0, 0.0], [215.65499877929688, 209.81146240234375, 14.753174781799316, 4.1991729736328125, 1.40625, 0.0], [96.96388244628906, 155.3818359375, 14.134477615356445, 3.114776611328125, -0.466400146484375, 0.32239723205566406], [208.67730712890625, 150.3670196533203, 11.02304458618164, 3.4606170654296875, -0.1869354248046875, 0.0], [158.6922149658203, 151.6922149658203, 13.569646835327148, 3.243316650390625, -1.516632080078125, 0.0], [254.58447265625, 146.90867614746094, 6.833491802215576, 4.56585693359375, -0.307373046875, 0.0], [245.9549560546875, 98.55855560302734, 5.003983497619629, 3.4617156982421875, -0.7344818115234375, 0.0], [203.3333282470703, 100.0, 9.404223442077637, -0.6563568115234375, 0.9312744140625, 0.0], [156.4121551513672, 100.73873901367188, 9.67167854309082, 3.1793975830078125, -0.330291748046875, 0.0], [102.42659759521484, 100.03972625732422, 11.05060863494873, 3.0550460815429688, -0.5345840454101562, 1.0079240798950195], [35.293800354003906, 97.95116424560547, 16.997779846191406, 2.5747451782226562, -1.474639892578125, 0.0], [235.90805053710938, 57.5, 6.277059555053711, 2.706756591796875, -1.2111129760742188, 0.0], [197.94557189941406, 57.5, 7.981540203094482, 3.4226531982421875, -1.0697669982910156, 0.0], [153.2051239013672, 56.0, 9.135116577148438, 3.2342681884765625, -1.8232345581054688, 0.05909538269042969], [101.53492736816406, 53.45708465576172, 10.337241172790527, 2.957733154296875, -1.3124313354492188, 0.0], [40.188358306884766, 47.1185188293457, 14.829514503479004, 2.2569427490234375, -2.0979270935058594, 0.0], [148.06817626953125, 18.909090042114258, 5.661326885223389, 0.0, 0.0, 0.0]], "id": 0}, {"BlobMoves": [[83.07635498046875, 228.4589080810547, 23.334030151367188, 2.8667984008789062, 0.8920745849609375, 0.0], [155.12779235839844, 218.5762481689453, 19.023603439331055, 3.4406890869140625, 1.3694915771484375, 0.0], [268.4666748046875, 207.3386688232422, 9.159725189208984, 0.0, 0.0, 0.0], [215.65499877929688, 209.81146240234375, 14.753174781799316, 4.132598876953125, 1.283050537109375, 0.0], [96.96388244628906, 155.3818359375, 14.134477615356445, 3.2849197387695312, -0.475982666015625, 0.603668212890625], [208.67730712890625, 150.3670196533203, 11.02304458618164, 3.4826202392578125, -0.20709228515625, 0.0], [158.6922149658203, 151.6922149658203, 13.569646835327148, 3.2160186767578125, -1.4830322265625, 0.0], [254.58447265625, 146.90867614746094, 6.833491802215576, 4.897003173828125, -0.271636962890625, 0.0], [245.9549560546875, 98.55855560302734, 5.003983497619629, 3.4703369140625, -1.098785400390625, 0.0], [203.3333282470703, 100.0, 9.404223442077637, -0.7104339599609375, 0.8619537353515625, 0.0], [156.4121551513672, 100.73873901367188, 9.67167854309082, 3.1793975830078125, -0.330291748046875, 0.0], [102.42659759521484, 100.03972625732422, 11.05060863494873, 3.077789306640625, -0.5485000610351562, 1.0324535369873047], [35.293800354003906, 97.95116424560547, 16.997779846191406, 2.6197509765625, -1.4862136840820312, 0.0], [235.90805053710938, 57.5, 6.277059555053711, 2.706756591796875, -1.2111129760742188, 0.0], [197.94557189941406, 57.5, 7.981540203094482, 3.3952484130859375, -1.0355796813964844, 0.0], [153.2051239013672, 56.0, 9.135116577148438, 3.27374267578125, -1.5211257934570312, 0.3518667221069336], [101.53492736816406, 53.45708465576172, 10.337241172790527, 2.8895034790039062, -1.7013931274414062, 0.0], [40.188358306884766, 47.1185188293457, 14.829514503479004, 2.0056724548339844, -2.1483688354492188, 0.0], [148.06817626953125, 18.909090042114258, 5.661326885223389, 0.0, 0.0, 0.0]], "id": 1}, {"BlobMoves": [[83.07635498046875, 228.4589080810547, 23.334030151367188, 2.7957077026367188, 0.947967529296875, 0.0], [155.12779235839844, 218.5762481689453, 19.023603439331055, 3.4305572509765625, 1.354766845703125, 0.0], [268.4666748046875, 207.3386688232422, 9.159725189208984, 0.0, 0.0, 0.0], [215.65499877929688, 209.81146240234375, 14.753174781799316, 4.0665283203125, 1.305511474609375, 0.0], [96.96388244628906, 155.3818359375, 14.134477615356445, 3.15283203125, -0.47894287109375, 0.8272457122802734], [208.67730712890625, 150.3670196533203, 11.02304458618164, 3.502777099609375, -0.229095458984375, 0.0], [158.6922149658203, 151.6922149658203, 13.569646835327148, 3.305084228515625, -1.5397186279296875, 0.0], [254.58447265625, 146.90867614746094, 6.833491802215576, 4.465850830078125, -0.3677978515625, 0.0], [245.9549560546875, 98.55855560302734, 5.003983497619629, 3.4703369140625, -1.098785400390625, 0.0], [203.3333282470703, 100.0, 9.404223442077637, -0.6563568115234375, 0.9312744140625, 0.0], [156.4121551513672, 100.73873901367188, 9.67167854309082, 3.1225738525390625, -0.2942962646484375, 0.0], [102.42659759521484, 100.03972625732422, 11.05060863494873, 3.077789306640625, -0.5485000610351562, 1.0324535369873047], [35.293800354003906, 97.95116424560547, 16.997779846191406, 2.594573974609375, -1.5069808959960938, 0.0], [235.90805053710938, 57.5, 6.277059555053711, 2.706756591796875, -1.2111129760742188, 0.0], [197.94557189941406, 57.5, 7.981540203094482, 3.15618896484375, -1.064910888671875, 0.0], [153.2051239013672, 56.0, 9.135116577148438, 3.27374267578125, -1.5211257934570312, 0.3518667221069336], [101.53492736816406, 53.45708465576172, 10.337241172790527, 2.869415283203125, -1.4906158447265625, 0.22354698181152344], [40.188358306884766, 47.1185188293457, 14.829514503479004, 2.157184600830078, -2.116077423095703, 0.0], [148.06817626953125, 18.909090042114258, 5.661326885223389, 2.8780517578125, -1.855325698852539, 0.0]], "id": 2}, {"BlobMoves": [[83.07635498046875, 228.4589080810547, 23.334030151367188, 2.9840545654296875, 0.850433349609375, 0.0], [155.12779235839844, 218.5762481689453, 19.023603439331055, 3.4166107177734375, 1.43341064453125, 0.0], [268.4666748046875, 207.3386688232422, 9.159725189208984, 0.0, 0.0, 0.0], [215.65499877929688, 209.81146240234375, 14.753174781799316, 4.221466064453125, 1.226776123046875, 0.0], [96.96388244628906, 155.3818359375, 14.134477615356445, 3.2292556762695312, -0.420074462890625, 0.45325756072998047], [208.67730712890625, 150.3670196533203, 11.02304458618164, 3.4606170654296875, -0.1869354248046875, 0.0], [158.6922149658203, 151.6922149658203, 13.569646835327148, 3.214508056640625, -1.5372161865234375, 0.0], [254.58447265625, 146.90867614746094, 6.833491802215576, 4.897003173828125, -0.271636962890625, 0.0], [245.9549560546875, 98.55855560302734, 5.003983497619629, 3.4703369140625, -1.0183258056640625, 0.0], [203.3333282470703, 100.0, 9.404223442077637, -0.802581787109375, 0.9741058349609375, 0.0], [156.4121551513672, 100.73873901367188, 9.67167854309082, 3.1225738525390625, -0.2942962646484375, 0.0], [102.42659759521484, 100.03972625732422, 11.05060863494873, 3.0550460815429688, -0.5345840454101562, 1.0079240798950195], [35.293800354003906, 97.95116424560547, 16.997779846191406, 2.6968536376953125, -1.4745254516601562, 0.0], [235.90805053710938, 57.5, 6.277059555053711, 2.706756591796875, -1.2111129760742188, 0.0], [197.94557189941406, 57.5, 7.981540203094482, 3.15618896484375, -1.064910888671875, 0.0], [153.2051239013672, 56.0, 9.135116577148438, 3.23931884765625, -1.4652786254882812, 0.40950584411621094], [101.53492736816406, 53.45708465576172, 10.337241172790527, 2.957733154296875, -1.3124313354492188, 0.0], [40.188358306884766, 47.1185188293457, 14.829514503479004, 2.075061798095703, -1.96246337890625, 0.0], [148.06817626953125, 18.909090042114258, 5.661326885223389, 2.8780517578125, -1.855325698852539, 0.0]],