{"fz": 0.34429041128099686, "mass": 135.6, "thetax": 0, "thetaz": 15, "fx": 0.0, "frame_width": 320, "torque": 0, "MoveData": [{"BlobMoves": [[154.69989013671875, 218.9244384765625, 19.850948333740234, 0.16644287109375, 0.5352935791015625, 0.0], [268.3868103027344, 207.5490264892578, 11.210205078125, 0.27587890625, 0.385498046875, 0.0], [215.43458557128906, 209.98130798339844, 16.64402961730957, 0.217620849609375, 0.4604644775390625, 0.0], [96.43087005615234, 155.8125457763672, 15.890668869018555, -0.42458343505859375, 0.2629241943359375, 0.0], [158.3914031982422, 152.25900268554688, 13.536831855773926, 0.247100830078125, 0.136932373046875, 0.0], [208.41175842285156, 150.59803771972656, 11.335715293884277, 0.2910308837890625, 0.1047515869140625, 0.1512918472290039], [254.76893615722656, 147.0, 7.599935054779053, 0.2310638427734375, 0.0, 0.0], [245.90740966796875, 98.44444274902344, 6.060576438903809, 0.09259033203125, 0.5555572509765625, 0.0], [203.0, 100.1638412475586, 8.652423858642578, -3.092071533203125, 1.4139328002929688, 0.0], [155.64877319335938, 100.91498565673828, 9.73720645904541, 0.609375, 0.4785003662109375, 0.0], [101.9188003540039, 100.47863006591797, 12.20070743560791, -0.27652740478515625, 0.0026702880859375, 0.0], [34.16734313964844, 98.27168273925781, 17.820714950561523, -0.02271270751953125, 0.13327789306640625, 0.0], [235.51612854003906, 57.3870964050293, 6.465886116027832, 0.299346923828125, 0.059329986572265625, 0.0], [197.7760467529297, 57.82291793823242, 6.499307155609131, 0.1221923828125, -0.3211631774902344, 1.4608583450317383], [152.53634643554688, 56.07268142700195, 9.26030445098877, 0.3675537109375, -0.0606689453125, 0.0], [101.21258544921875, 53.591835021972656, 11.138311386108398, -0.17687225341796875, 0.08475112915039062, 0.0], [38.95426940917969, 47.08231735229492, 14.468541145324707, -0.36394500732421875, 0.08542251586914062, 0.0], [148.0, 19.5, 5.0, 0.0, 0.0, 0.0]], "id": 0}, {"BlobMoves": [[154.69989013671875, 218.9244384765625, 19.850948333740234, 0.253875732421875, 0.6862945556640625, 0.0], [268.3868103027344, 207.5490264892578, 11.210205078125, 0.180267333984375, 0.3961029052734375, 0.0], [215.43458557128906, 209.98130798339844, 16.64402961730957, 0.2585906982421875, 0.4050445556640625, 0.13988304138183594], [96.43087005615234, 155.8125457763672, 15.890668869018555, -0.43087005615234375, 0.1874542236328125, 0.0], [158.3914031982422, 152.25900268554688, 13.536831855773926, 0.22808837890625, 0.116790771484375, 0.0], [208.41175842285156, 150.59803771972656, 11.335715293884277, 0.2297821044921875, 0.1842041015625, 0.0], [254.76893615722656, 147.0, 7.599935054779053, -0.18560791015625, 0.013153076171875, 0.0], [245.90740966796875, 98.44444274902344, 6.060576438903809, 0.09259033203125, 0.16959381103515625, 0.0], [203.0, 100.1638412475586, 8.652423858642578, -3.095703125, 1.397216796875, 0.0], [155.64877319335938, 100.91498565673828, 9.73720645904541, 0.5827789306640625, 0.415802001953125, 0.0], [101.9188003540039, 100.47863006591797, 12.20070743560791, -0.27652740478515625, 0.0026702880859375, 0.0], [34.16734313964844, 98.27168273925781, 17.820714950561523, -0.02271270751953125, 0.13327789306640625, 0.0], [235.51612854003906, 57.3870964050293, 6.465886116027832, 0.0280914306640625, 0.15712356567382812, 0.0], [197.7760467529297, 57.82291793823242, 6.499307155609131, 0.1221923828125, -0.3211631774902344, 1.4608583450317383], [152.53634643554688, 56.07268142700195, 9.26030445098877, 0.3291015625, 0.003772735595703125, 0.0], [101.21258544921875, 53.591835021972656, 11.138311386108398, -0.17687225341796875, 0.013324737548828125, 0.0], [38.95426940917969, 47.08231735229492, 14.468541145324707, -0.38890838623046875, 0.14644241333007812, 0.0], [148.0, 19.5, 5.0, 0.0, 0.0, 0.0]], "id": 1}, {"BlobMoves": [[154.69989013671875, 218.9244384765625, 19.850948333740234, 0.085662841796875, 0.7233428955078125, 0.0013294219970703125], [268.3868103027344, 207.5490264892578, 11.210205078125, 0.037628173828125, 0.3992156982421875, 0.0], [215.43458557128906, 209.98130798339844, 16.64402961730957, 0.228851318359375, 0.433746337890625, 0.0], [96.43087005615234, 155.8125457763672, 15.890668869018555, -0.449859619140625, 0.2285919189453125, 0.0], [158.3914031982422, 152.25900268554688, 13.536831855773926, 0.22808837890625, 0.1608123779296875, 0.0], [208.41175842285156, 150.59803771972656, 11.335715293884277, 0.1956939697265625, 0.2276763916015625, 0.0], [254.76893615722656, 147.0, 7.599935054779053, -0.18560791015625, 0.013153076171875, 0.0], [245.90740966796875, 98.44444274902344, 6.060576438903809, 0.09259033203125, 0.16959381103515625, 0.0], [203.0, 100.1638412475586, 8.652423858642578, -3.092071533203125, 1.4139328002929688, 0.0], [155.64877319335938, 100.91498565673828, 9.73720645904541, 0.351226806640625, 0.45598602294921875, 0.0], [101.9188003540039, 100.47863006591797, 12.20070743560791, -0.26495361328125, 0.03098297119140625, 0.0], [34.16734313964844, 98.27168273925781, 17.820714950561523, -0.03977203369140625, 0.158355712890625, 0.0], [235.51612854003906, 57.3870964050293, 6.465886116027832, 0.344482421875, 0.09775161743164062, 0.0], [197.7760467529297, 57.82291793823242, 6.499307155609131, -0.1427154541015625, -0.3229179382324219, 0.9437642097473145], [152.53634643554688, 56.07268142700195, 9.26030445098877, 0.3291015625, 0.003772735595703125, 0.0], [101.21258544921875, 53.591835021972656, 11.138311386108398, -0.1348724365234375, -0.141937255859375, 0.0], [38.95426940917969, 47.08231735229492, 14.468541145324707, -0.38933563232421875, 0.12980270385742188, 0.0], [148.0, 19.5, 5.0, 0.0, 0.0, 0.0]], "id": 2}, {"BlobMoves": [[154.69989013671875, 218.9244384765625, 19.850948333740234, 0.1573333740234375, 0.72833251953125, 0.0], [268.3868103027344, 207.5490264892578, 11.210205078125, 0.11920166015625, 0.396759033203125, 0.0], [215.43458557128906, 209.98130798339844, 16.64402961730957, 0.217620849609375, 0.4604644775390625, 0.0], [96.43087005615234, 155.8125457763672, 15.890668869018555, -0.469085693359375, 0.3520050048828125, 0.0], [158.3914031982422, 152.25900268554688, 13.536831855773926, 0.2089080810546875, 0.14068603515625, 0.0], [208.41175842285156, 150.59803771972656, 11.335715293884277, 0.1956939697265625, 0.2276763916015625, 0.0], [254.76893615722656, 147.0, 7.599935054779053, 0.2310638427734375, 0.0, 0.0], [245.90740966796875, 98.44444274902344, 6.060576438903809, 0.09259033203125, 0.5555572509765625, 0.0], [203.0, 100.1638412475586, 8.652423858642578, -3.0258941650390625, 1.3669052124023438, 0.0], [155.64877319335938, 100.91498565673828, 9.73720645904541, 0.7113189697265625, 0.4451141357421875, 0.0], [101.9188003540039, 100.47863006591797, 12.20070743560791, -0.08155059814453125, 0.0644073486328125, 0.0], [34.16734313964844, 98.27168273925781, 17.820714950561523, -0.03977203369140625, 0.158355712890625, 0.0], [235.51612854003906, 57.3870964050293, 6.465886116027832, 0.344482421875, 0.09775161743164062, 0.0], [197.7760467529297, 57.82291793823242, 6.499307155609131, -0.1168670654296875, -0.2873382568359375, 0.8970203399658203], [152.53634643554688, 56.07268142700195, 9.26030445098877, 0.3675537109375, -0.0606689453125, 0.0], [101.21258544921875, 53.591835021972656, 11.138311386108398, -0.26883697509765625, -0.13558578491210938, 0.0], [38.95426940917969, 47.08231735229492, 14.468541145324707, -0.39380645751953125, 0.09328842163085938, 0.17838001251220703], [148.0, 19.5, 5.0, 0.0, 0.0, 0.0]],