{"fz": 1.4832924651206365, "mass": 584.2, "thetax": 0, "thetaz": 15, "fx": 0.0, "frame_width": 320, "torque": 0, "MoveData": [{"BlobMoves": [[154.69989013671875, 218.9244384765625, 19.850948333740234, -0.588623046875, 4.30633544921875, 1.2750091552734375], [268.3868103027344, 207.5490264892578, 11.210205078125, 4.890716552734375, 4.7603912353515625, 0.6809310913085938], [215.43458557128906, 209.98130798339844, 16.64402961730957, 1.4560394287109375, 4.0050201416015625, 1.32452392578125], [96.43087005615234, 155.8125457763672, 15.890668869018555, -1.2489089965820312, 1.65960693359375, 0.4784507751464844], [158.3914031982422, 152.25900268554688, 13.536831855773926, -0.0992889404296875, -0.2129364013671875, 0.0], [208.41175842285156, 150.59803771972656, 11.335715293884277, 0.8744049072265625, 1.758880615234375, 0.23906230926513672], [254.76893615722656, 147.0, 7.599935054779053, 2.4485931396484375, 1.4912261962890625, 0.23991775512695312], [245.90740966796875, 98.44444274902344, 6.060576438903809, 2.0333251953125, 0.59259033203125, 0.0], [203.0, 100.1638412475586, 8.652423858642578, -2.8316497802734375, 2.3243789672851562, 0.0], [155.64877319335938, 100.91498565673828, 9.73720645904541, 0.351226806640625, 1.0850143432617188, 0.4608325958251953], [101.9188003540039, 100.47863006591797, 12.20070743560791, -0.8104019165039062, 0.7178497314453125, 0.28406333923339844], [34.16734313964844, 98.27168273925781, 17.820714950561523, -2.7333431243896484, 0.31298065185546875, 0.20575904846191406], [235.51612854003906, 57.3870964050293, 6.465886116027832, 1.5306549072265625, 0.15091323852539062, 0.0], [197.7760467529297, 57.82291793823242, 6.499307155609131, 0.7239532470703125, 0.17708206176757812, 0.0], [152.53634643554688, 56.07268142700195, 9.26030445098877, 0.01800537109375, 0.3621025085449219, 0.0], [101.21258544921875, 53.591835021972656, 11.138311386108398, -0.9896392822265625, -0.10482025146484375, 0.0], [38.95426940917969, 47.08231735229492, 14.468541145324707, -1.888275146484375, -0.2691192626953125, 0.0], [148.0, 19.5, 5.0, 0.0, 0.0, 0.0]], "id": 0}, {"BlobMoves": [[154.69989013671875, 218.9244384765625, 19.850948333740234, -0.5812530517578125, 4.2182159423828125, 1.3786582946777344], [268.3868103027344, 207.5490264892578, 11.210205078125, 5.304931640625, 4.8270721435546875, 0.9845619201660156], [215.43458557128906, 209.98130798339844, 16.64402961730957, 1.422088623046875, 4.4118499755859375, 1.3589916229248047], [96.43087005615234, 155.8125457763672, 15.890668869018555, -1.2133407592773438, 1.6945037841796875, 0.44884681701660156], [158.3914031982422, 152.25900268554688, 13.536831855773926, -0.1630706787109375, -0.1723175048828125, 0.0], [208.41175842285156, 150.59803771972656, 11.335715293884277, 0.91998291015625, 1.8003692626953125, 0.19623947143554688], [254.76893615722656, 147.0, 7.599935054779053, 2.4028778076171875, 1.5532684326171875, 0.3920426368713379], [245.90740966796875, 98.44444274902344, 6.060576438903809, 1.59259033203125, 0.5555572509765625, 0.0], [203.0, 100.1638412475586, 8.652423858642578, -2.7656707763671875, 2.2751007080078125, 0.0], [155.64877319335938, 100.91498565673828, 9.73720645904541, 0.3284454345703125, 1.0622406005859375, 0.40729808807373047], [101.9188003540039, 100.47863006591797, 12.20070743560791, -0.9854660034179688, 0.7060928344726562, 0.18918514251708984], [34.16734313964844, 98.27168273925781, 17.820714950561523, -2.744546890258789, 0.28829193115234375, 0.5849151611328125], [235.51612854003906, 57.3870964050293, 6.465886116027832, 1.5306549072265625, 0.15091323852539062, 0.0], [197.7760467529297, 57.82291793823242, 6.499307155609131, 0.62646484375, 0.051296234130859375, 0.0], [152.53634643554688, 56.07268142700195, 9.26030445098877, 0.0533905029296875, 0.3375740051269531, 0.0], [101.21258544921875, 53.591835021972656, 11.138311386108398, -0.9952850341796875, -0.09183502197265625, 0.0], [38.95426940917969, 47.08231735229492, 14.468541145324707, -1.9351272583007812, -0.3007850646972656, 0.0], [148.0, 19.5, 5.0, 0.0, 0.0, 0.0]], "id": 1}, {"BlobMoves": [[154.69989013671875, 218.9244384765625, 19.850948333740234, -0.6341705322265625, 4.4122314453125, 1.2723331451416016], [268.3868103027344, 207.5490264892578, 11.210205078125, 5.523101806640625, 5.1581878662109375, 1.0384712219238281], [215.43458557128906, 209.98130798339844, 16.64402961730957, 1.44378662109375, 4.2908935546875, 1.7882938385009766], [96.43087005615234, 155.8125457763672, 15.890668869018555, -1.1990890502929688, 1.692108154296875, 0.6713924407958984], [158.3914031982422, 152.25900268554688, 13.536831855773926, -0.1353607177734375, -0.20465087890625, 0.0], [208.41175842285156, 150.59803771972656, 11.335715293884277, 0.8744049072265625, 1.758880615234375, 0.23906230926513672], [254.76893615722656, 147.0, 7.599935054779053, 2.4845428466796875, 1.46875, 0.2232494354248047], [245.90740966796875, 98.44444274902344, 6.060576438903809, 1.6481475830078125, 0.5982894897460938, 0.0], [203.0, 100.1638412475586, 8.652423858642578, -2.8316497802734375, 2.3243789672851562, 0.0], [155.64877319335938, 100.91498565673828, 9.73720645904541, 0.36328125, 1.193450927734375, 0.4655189514160156], [101.9188003540039, 100.47863006591797, 12.20070743560791, -0.8104019165039062, 0.7178497314453125, 0.28406333923339844], [34.16734313964844, 98.27168273925781, 17.820714950561523, -2.797344207763672, 0.26898193359375, 0.22992897033691406], [235.51612854003906, 57.3870964050293, 6.465886116027832, 1.5579376220703125, 0.038829803466796875, 0.0], [197.7760467529297, 57.82291793823242, 6.499307155609131, 0.62646484375, 0.051296234130859375, 0.0], [152.53634643554688, 56.07268142700195, 9.26030445098877, 0.0533905029296875, 0.3375740051269531, 0.0], [101.21258544921875, 53.591835021972656, 11.138311386108398, -0.9896392822265625, -0.10482025146484375, 0.0], [38.95426940917969, 47.08231735229492, 14.468541145324707, -2.14227294921875, -0.3533668518066406, 0.0], [148.0, 19.5, 5.0, 0.0, 0.0, 0.0]], "id": 2}, {"BlobMoves": [[154.69989013671875, 218.9244384765625, 19.850948333740234, -0.5478973388671875, 4.213348388671875, 1.3953895568847656], [268.3868103027344, 207.5490264892578, 11.210205078125, 5.5640869140625, 5.0000762939453125, 1.1596851348876953], [215.43458557128906, 209.98130798339844, 16.64402961730957, 1.47894287109375, 4.192291259765625, 1.2493095397949219], [96.43087005615234, 155.8125457763672, 15.890668869018555, -1.1060867309570312, 1.748443603515625, 0.7966651916503906], [158.3914031982422, 152.25900268554688, 13.536831855773926, -0.117462158203125, -0.1584014892578125, 0.0], [208.41175842285156, 150.59803771972656, 11.335715293884277, 0.9596710205078125, 1.844818115234375, 0.1692342758178711], [254.76893615722656, 147.0, 7.599935054779053, 2.4845428466796875, 1.46875, 0.2232494354248047], [245.90740966796875, 98.44444274902344, 6.060576438903809, 1.7073974609375, 0.91851806640625, 0.0], [203.0, 100.1638412475586, 8.652423858642578, -2.7656707763671875, 2.2751007080078125, 0.0], [155.64877319335938, 100.91498565673828, 9.73720645904541, 0.373992919921875, 1.1698989868164062, 0.4016761779785156], [101.9188003540039, 100.47863006591797, 12.20070743560791, -0.8354644775390625, 0.7606201171875, 0.3775501251220703], [34.16734313964844, 98.27168273925781, 17.820714950561523, -2.7109222412109375, 0.3084869384765625, 0.5131454467773438], [235.51612854003906, 57.3870964050293, 6.465886116027832, 1.5306549072265625, 0.15091323852539062, 0.0], [197.7760467529297, 57.82291793823242, 6.499307155609131, 0.62646484375, 0.051296234130859375, 0.0], [152.53634643554688, 56.07268142700195, 9.26030445098877, 0.0533905029296875, 0.3375740051269531, 0.0], [101.21258544921875, 53.591835021972656, 11.138311386108398, -0.9896392822265625, -0.10482025146484375, 0.0], [38.95426940917969, 47.08231735229492, 14.468541145324707, -1.9351272583007812, -0.3007850646972656, 0.0], [148.0, 19.5, 5.0, 0.0, 0.0, 0.0]],