{"fz": -0.34429041128099686, "mass": 135.6, "thetax": 0, "thetaz": -15, "fx": 0.0, "frame_width": 320, "torque": 0, "MoveData": [{"BlobMoves": [[154.69989013671875, 218.9244384765625, 19.850948333740234, -0.031646728515625, -0.073699951171875, 0.4527759552001953], [268.3868103027344, 207.5490264892578, 11.210205078125, 0.11248779296875, -0.4174041748046875, 1.414306640625], [215.43458557128906, 209.98130798339844, 16.64402961730957, 0.098602294921875, -0.112579345703125, 0.40619659423828125], [96.43087005615234, 155.8125457763672, 15.890668869018555, 0.04451751708984375, -0.2298126220703125, 0.4915428161621094], [158.3914031982422, 152.25900268554688, 13.536831855773926, -0.050140380859375, -1.8066253662109375, 0.0], [208.41175842285156, 150.59803771972656, 11.335715293884277, 0.0894622802734375, -0.2160491943359375, 0.0], [254.76893615722656, 147.0, 7.599935054779053, 0.2310638427734375, -0.5, 0.4623227119445801], [245.90740966796875, 98.44444274902344, 6.060576438903809, 0.2183837890625, -0.846954345703125, 0.0], [203.0, 100.1638412475586, 8.652423858642578, -3.2811279296875, 1.1172866821289062, 0.0], [155.64877319335938, 100.91498565673828, 9.73720645904541, 0.1461029052734375, 0.08501434326171875, 0.0], [101.9188003540039, 100.47863006591797, 12.20070743560791, -0.30590057373046875, -0.2850799560546875, 0.40389060974121094], [34.16734313964844, 98.27168273925781, 17.820714950561523, -0.1087646484375, -0.33026123046875, 0.0], [235.51612854003906, 57.3870964050293, 6.465886116027832, 0.0649566650390625, -0.4411506652832031, 0.39250993728637695], [197.7760467529297, 57.82291793823242, 6.499307155609131, -0.3221435546875, -0.3690185546875, 0.0], [152.53634643554688, 56.07268142700195, 9.26030445098877, 0.2196044921875, -0.08160781860351562, 0.0], [101.21258544921875, 53.591835021972656, 11.138311386108398, -0.2840118408203125, -0.443023681640625, 0.0], [38.95426940917969, 47.08231735229492, 14.468541145324707, -0.46407318115234375, -0.4191093444824219, 0.0], [148.0, 19.5, 5.0, 0.0, 0.0, 0.0]], "id": 0}, {"BlobMoves": [[154.69989013671875, 218.9244384765625, 19.850948333740234, -0.0148162841796875, -0.106353759765625, 0.44261741638183594], [268.3868103027344, 207.5490264892578, 11.210205078125, 0.16827392578125, -0.4646148681640625, 1.5916528701782227], [215.43458557128906, 209.98130798339844, 16.64402961730957, 0.1492919921875, -0.154205322265625, 0.436187744140625], [96.43087005615234, 155.8125457763672, 15.890668869018555, 0.0322265625, -0.2634735107421875, 0.5421581268310547], [158.3914031982422, 152.25900268554688, 13.536831855773926, -0.050140380859375, -1.8066253662109375, 0.0], [208.41175842285156, 150.59803771972656, 11.335715293884277, 0.1339263916015625, -0.2992706298828125, 0.0], [254.76893615722656, 147.0, 7.599935054779053, 0.26666259765625, -0.5210418701171875, 0.46395063400268555], [245.90740966796875, 98.44444274902344, 6.060576438903809, 0.166656494140625, -0.8703689575195312, 0.018602848052978516], [203.0, 100.1638412475586, 8.652423858642578, -3.31707763671875, 1.0881881713867188, 0.0], [155.64877319335938, 100.91498565673828, 9.73720645904541, 0.1461029052734375, 0.08501434326171875, 0.0], [101.9188003540039, 100.47863006591797, 12.20070743560791, -0.25620269775390625, -0.26725006103515625, 0.39426136016845703], [34.16734313964844, 98.27168273925781, 17.820714950561523, -0.18988418579101562, -0.32086181640625, 0.0], [235.51612854003906, 57.3870964050293, 6.465886116027832, 0.06719970703125, -0.4426536560058594, 0.31922340393066406], [197.7760467529297, 57.82291793823242, 6.499307155609131, -0.2760467529296875, -0.4131965637207031, 0.0], [152.53634643554688, 56.07268142700195, 9.26030445098877, 0.2852935791015625, -0.09899520874023438, 0.0], [101.21258544921875, 53.591835021972656, 11.138311386108398, -0.20864105224609375, -0.422210693359375, 0.0], [38.95426940917969, 47.08231735229492, 14.468541145324707, -0.4810028076171875, -0.44522857666015625, 0.0], [148.0, 19.5, 5.0, 0.0, 0.0, 0.0]], "id": 1}, {"BlobMoves": [[154.69989013671875, 218.9244384765625, 19.850948333740234, 0.09588623046875, -0.16363525390625, 1.0956974029541016], [268.3868103027344, 207.5490264892578, 11.210205078125, 0.16583251953125, -0.5051727294921875, 1.4692487716674805], [215.43458557128906, 209.98130798339844, 16.64402961730957, 0.1042633056640625, -0.12872314453125, 0.42873573303222656], [96.43087005615234, 155.8125457763672, 15.890668869018555, 0.00608062744140625, -0.213348388671875, 0.4291954040527344], [158.3914031982422, 152.25900268554688, 13.536831855773926, -0.015411376953125, -1.745574951171875, 0.0], [208.41175842285156, 150.59803771972656, 11.335715293884277, 0.1469879150390625, -0.178375244140625, 0.0], [254.76893615722656, 147.0, 7.599935054779053, 0.2310638427734375, -0.5, 0.4623227119445801], [245.90740966796875, 98.44444274902344, 6.060576438903809, 0.166656494140625, -0.8703689575195312, 0.018602848052978516], [203.0, 100.1638412475586, 8.652423858642578, -3.0761871337890625, 0.8361587524414062, 0.0], [155.64877319335938, 100.91498565673828, 9.73720645904541, 0.1461029052734375, 0.08501434326171875, 0.0], [101.9188003540039, 100.47863006591797, 12.20070743560791, -0.21419525146484375, -0.23337554931640625, 0.4343757629394531], [34.16734313964844, 98.27168273925781, 17.820714950561523, -0.1360931396484375, -0.321685791015625, 0.0], [235.51612854003906, 57.3870964050293, 6.465886116027832, -0.0029754638671875, -0.5055160522460938, 0.5381193161010742], [197.7760467529297, 57.82291793823242, 6.499307155609131, -0.3221435546875, -0.3690185546875, 0.0], [152.53634643554688, 56.07268142700195, 9.26030445098877, 0.3487091064453125, -0.133026123046875, 0.0], [101.21258544921875, 53.591835021972656, 11.138311386108398, -0.2487335205078125, -0.38701629638671875, 0.0], [38.95426940917969, 47.08231735229492, 14.468541145324707, -0.4810028076171875, -0.44522857666015625, 0.0], [148.0, 19.5, 5.0, 0.0, 0.0, 0.0]], "id": 2}, {"BlobMoves": [[154.69989013671875, 218.9244384765625, 19.850948333740234, -0.052947998046875, -0.146148681640625, 0.9755725860595703], [268.3868103027344, 207.5490264892578, 11.210205078125, 0.1357421875, -0.4806060791015625, 1.6461429595947266], [215.43458557128906, 209.98130798339844, 16.64402961730957, 0.098602294921875, -0.07275390625, 0.35706138610839844], [96.43087005615234, 155.8125457763672, 15.890668869018555, 0.0370941162109375, -0.29754638671875, 0.0], [158.3914031982422, 152.25900268554688, 13.536831855773926, -0.0365142822265625, -1.6785736083984375, 0.0], [208.41175842285156, 150.59803771972656, 11.335715293884277, 0.03607177734375, -0.2825164794921875, 0.0], [254.76893615722656, 147.0, 7.599935054779053, 0.2310638427734375, -0.5, 0.4623227119445801], [245.90740966796875, 98.44444274902344, 6.060576438903809, 0.1168365478515625, -0.8323211669921875, 0.037453651428222656], [203.0, 100.1638412475586, 8.652423858642578, -3.31707763671875, 1.0881881713867188, 0.0], [155.64877319335938, 100.91498565673828, 9.73720645904541, 0.1461029052734375, 0.08501434326171875, 0.0], [101.9188003540039, 100.47863006591797, 12.20070743560791, -0.06887054443359375, -0.048614501953125, 0.0], [34.16734313964844, 98.27168273925781, 17.820714950561523, -0.04859161376953125, -0.3175201416015625, 0.0], [235.51612854003906, 57.3870964050293, 6.465886116027832, 0.10943603515625, -0.41905975341796875, 0.30219221115112305], [197.7760467529297, 57.82291793823242, 6.499307155609131, -0.4130859375, -0.4377326965332031, 0.0], [152.53634643554688, 56.07268142700195, 9.26030445098877, 0.2196044921875, -0.08160781860351562, 0.0], [101.21258544921875, 53.591835021972656, 11.138311386108398, -0.21258544921875, -0.21266937255859375, 0.0], [38.95426940917969, 47.08231735229492, 14.468541145324707, -0.4709930419921875, -0.432952880859375, 0.0], [148.0, 19.5, 5.0, 0.0, 0.0, 0.0]],