{"fz": -1.4832924651206365, "mass": 584.2, "thetax": 0, "thetaz": -15, "fx": 0.0, "frame_width": 320, "torque": 0, "MoveData": [{"BlobMoves": [[154.69989013671875, 218.9244384765625, 19.850948333740234, -0.3361968994140625, 0.1165924072265625, 0.0], [268.3868103027344, 207.5490264892578, 11.210205078125, 3.000640869140625, -0.80828857421875, 0.0], [215.43458557128906, 209.98130798339844, 16.64402961730957, 0.6714019775390625, -0.688995361328125, 0.0], [96.43087005615234, 155.8125457763672, 15.890668869018555, -1.3643798828125, -1.05963134765625, 0.0], [158.3914031982422, 152.25900268554688, 13.536831855773926, -0.2128753662109375, -2.7415618896484375, 0.0], [208.41175842285156, 150.59803771972656, 11.335715293884277, 0.318023681640625, -1.5941009521484375, 0.0], [254.76893615722656, 147.0, 7.599935054779053, 1.3025054931640625, -1.6488037109375, 0.0], [245.90740966796875, 98.44444274902344, 6.060576438903809, 1.09259033203125, -2.3333282470703125, 0.0], [203.0, 100.1638412475586, 8.652423858642578, -3.38397216796875, -0.0794525146484375, 0.0], [155.64877319335938, 100.91498565673828, 9.73720645904541, 0.425018310546875, -1.329742431640625, 0.0], [101.9188003540039, 100.47863006591797, 12.20070743560791, -1.1528701782226562, -1.8801116943359375, 0.0], [34.16734313964844, 98.27168273925781, 17.820714950561523, -3.5094661712646484, -2.3845977783203125, 0.0], [235.51612854003906, 57.3870964050293, 6.465886116027832, 0.869842529296875, -2.387096405029297, 0.0], [197.7760467529297, 57.82291793823242, 6.499307155609131, -0.1857757568359375, -2.322917938232422, 0.0], [152.53634643554688, 56.07268142700195, 9.26030445098877, -0.036346435546875, -2.495758056640625, 0.0], [101.21258544921875, 53.591835021972656, 11.138311386108398, -1.2482986450195312, -2.6454086303710938, 0.0], [38.95426940917969, 47.08231735229492, 14.468541145324707, -3.650115966796875, -3.5222740173339844, 0.0], [148.0, 19.5, 5.0, -0.119659423828125, -2.4658126831054688, 0.540255069732666]], "id": 0}, {"BlobMoves": [[154.69989013671875, 218.9244384765625, 19.850948333740234, -0.2968292236328125, 0.152099609375, 0.0], [268.3868103027344, 207.5490264892578, 11.210205078125, 3.0126953125, -0.4294281005859375, 0.0], [215.43458557128906, 209.98130798339844, 16.64402961730957, 0.688720703125, -0.5782470703125, 0.0], [96.43087005615234, 155.8125457763672, 15.890668869018555, -1.3924407958984375, -1.0180816650390625, 0.0], [158.3914031982422, 152.25900268554688, 13.536831855773926, -0.0594329833984375, -2.754241943359375, 0.0], [208.41175842285156, 150.59803771972656, 11.335715293884277, 0.1567535400390625, -1.52032470703125, 0.0], [254.76893615722656, 147.0, 7.599935054779053, 1.3051300048828125, -1.63580322265625, 0.0], [245.90740966796875, 98.44444274902344, 6.060576438903809, 1.09259033203125, -2.3333282470703125, 0.0], [203.0, 100.1638412475586, 8.652423858642578, -3.46441650390625, 0.17697906494140625, 0.0], [155.64877319335938, 100.91498565673828, 9.73720645904541, 0.425018310546875, -1.329742431640625, 0.0], [101.9188003540039, 100.47863006591797, 12.20070743560791, -1.09136962890625, -1.9299545288085938, 0.0], [34.16734313964844, 98.27168273925781, 17.820714950561523, -3.4640159606933594, -2.372833251953125, 0.0], [235.51612854003906, 57.3870964050293, 6.465886116027832, 0.928314208984375, -2.4298324584960938, 0.0], [197.7760467529297, 57.82291793823242, 6.499307155609131, -0.2318267822265625, -2.278697967529297, 0.0], [152.53634643554688, 56.07268142700195, 9.26030445098877, 0.024383544921875, -2.5713882446289062, 0.0], [101.21258544921875, 53.591835021972656, 11.138311386108398, -1.1849746704101562, -2.7299041748046875, 0.0], [38.95426940917969, 47.08231735229492, 14.468541145324707, -3.6455459594726562, -3.6281776428222656, 0.0], [148.0, 19.5, 5.0, -0.065032958984375, -2.5406494140625, 0.5074925422668457]], "id": 1}, {"BlobMoves": [[154.69989013671875, 218.9244384765625, 19.850948333740234, -0.3746490478515625, 0.2280731201171875, 0.0], [268.3868103027344, 207.5490264892578, 11.210205078125, 2.941680908203125, -0.877532958984375, 0.0], [215.43458557128906, 209.98130798339844, 16.64402961730957, 0.6202545166015625, -0.671966552734375, 0.0], [96.43087005615234, 155.8125457763672, 15.890668869018555, -1.3418655395507812, -0.891082763671875, 0.0], [158.3914031982422, 152.25900268554688, 13.536831855773926, -0.1015472412109375, -2.573883056640625, 0.0], [208.41175842285156, 150.59803771972656, 11.335715293884277, 0.1141204833984375, -1.57525634765625, 0.0], [254.76893615722656, 147.0, 7.599935054779053, 1.2310638427734375, -2.0, 0.0], [245.90740966796875, 98.44444274902344, 6.060576438903809, 1.09259033203125, -2.3333282470703125, 0.0], [203.0, 100.1638412475586, 8.652423858642578, -3.1792144775390625, 0.08705902099609375, 0.0], [155.64877319335938, 100.91498565673828, 9.73720645904541, 0.425018310546875, -1.329742431640625, 0.0], [101.9188003540039, 100.47863006591797, 12.20070743560791, -1.1575164794921875, -1.8818283081054688, 0.0], [34.16734313964844, 98.27168273925781, 17.820714950561523, -3.424640655517578, -2.355865478515625, 0.0], [235.51612854003906, 57.3870964050293, 6.465886116027832, 0.928314208984375, -2.4298324584960938, 0.0], [197.7760467529297, 57.82291793823242, 6.499307155609131, 0.084564208984375, -2.3380699157714844, 0.0], [152.53634643554688, 56.07268142700195, 9.26030445098877, 0.0482635498046875, -2.5957603454589844, 0.0], [101.21258544921875, 53.591835021972656, 11.138311386108398, -1.0248489379882812, -2.7125244140625, 0.0], [38.95426940917969, 47.08231735229492, 14.468541145324707, -3.6455459594726562, -3.6281776428222656, 0.0], [148.0, 19.5, 5.0, -0.15277099609375, -2.854167938232422, 0.7887153625488281]], "id": 2}, {"BlobMoves": [[154.69989013671875, 218.9244384765625, 19.850948333740234, -0.2554473876953125, 0.08966064453125, 0.0], [268.3868103027344, 207.5490264892578, 11.210205078125, 2.941680908203125, -0.877532958984375, 0.0], [215.43458557128906, 209.98130798339844, 16.64402961730957, 0.688720703125, -0.5782470703125, 0.0], [96.43087005615234, 155.8125457763672, 15.890668869018555, -1.3677139282226562, -0.920440673828125, 0.0], [158.3914031982422, 152.25900268554688, 13.536831855773926, -0.0528411865234375, -2.5635833740234375, 0.0], [208.41175842285156, 150.59803771972656, 11.335715293884277, 0.3855133056640625, -1.5005645751953125, 0.0], [254.76893615722656, 147.0, 7.599935054779053, 1.2310638427734375, -1.84375, 0.0], [245.90740966796875, 98.44444274902344, 6.060576438903809, 1.09259033203125, -2.3333282470703125, 0.0], [203.0, 100.1638412475586, 8.652423858642578, -3.0931854248046875, 0.17307281494140625, 0.0], [155.64877319335938, 100.91498565673828, 9.73720645904541, 0.425018310546875, -1.329742431640625, 0.0], [101.9188003540039, 100.47863006591797, 12.20070743560791, -1.0416030883789062, -1.94354248046875, 0.0], [34.16734313964844, 98.27168273925781, 17.820714950561523, -3.493253707885742, -2.4376754760742188, 0.0], [235.51612854003906, 57.3870964050293, 6.465886116027832, 0.869842529296875, -2.387096405029297, 0.0], [197.7760467529297, 57.82291793823242, 6.499307155609131, 0.1816253662109375, -2.0081024169921875, 0.0], [152.53634643554688, 56.07268142700195, 9.26030445098877, -0.0136260986328125, -2.5575294494628906, 0.0], [101.21258544921875, 53.591835021972656, 11.138311386108398, -1.196990966796875, -2.6756553649902344, 0.0], [38.95426940917969, 47.08231735229492, 14.468541145324707, -3.7859649658203125, -3.6375083923339844, 0.04340362548828125], [148.0, 19.5, 5.0, -0.065032958984375, -2.5406494140625, 0.5074925422668457]],