{"fz": 0.5760090845142983, "mass": 135.6, "thetax": 30, "thetaz": 30, "fx": 0.5760090845142983, "frame_width": 320, "torque": 0, "MoveData": [{"BlobMoves": [[83.07635498046875, 228.4589080810547, 23.334030151367188, 0.5419998168945312, 0.2596893310546875, 0.05659675598144531], [155.12779235839844, 218.5762481689453, 19.023603439331055, 0.7453155517578125, 0.5973968505859375, 0.0], [268.4666748046875, 207.3386688232422, 9.159725189208984, 1.44842529296875, 0.7462310791015625, 0.0], [215.65499877929688, 209.81146240234375, 14.753174781799316, 0.869232177734375, 0.3537139892578125, 0.0], [96.96388244628906, 155.3818359375, 14.134477615356445, 0.603057861328125, 0.54705810546875, 1.0000782012939453], [208.67730712890625, 150.3670196533203, 11.02304458618164, 0.4523162841796875, 0.549652099609375, 0.0], [158.6922149658203, 151.6922149658203, 13.569646835327148, 0.7332000732421875, -0.79986572265625, 0.0], [254.58447265625, 146.90867614746094, 6.833491802215576, 0.9904022216796875, 0.260406494140625, 0.0], [245.9549560546875, 98.55855560302734, 5.003983497619629, 0.603607177734375, 0.39640045166015625, 0.0], [203.3333282470703, 100.0, 9.404223442077637, -2.8530426025390625, 1.5985641479492188, 0.0], [156.4121551513672, 100.73873901367188, 9.67167854309082, 0.853057861328125, 0.8646697998046875, 0.0], [102.42659759521484, 100.03972625732422, 11.05060863494873, 0.7577972412109375, 1.0134658813476562, 0.0], [35.293800354003906, 97.95116424560547, 16.997779846191406, 0.6254806518554688, 0.5129623413085938, 0.0], [235.90805053710938, 57.5, 6.277059555053711, 0.63616943359375, -0.044219970703125, 0.0], [197.94557189941406, 57.5, 7.981540203094482, 0.5544281005859375, 0.0, 0.0], [153.2051239013672, 56.0, 9.135116577148438, 0.7948760986328125, 0.116668701171875, 0.0], [101.53492736816406, 53.45708465576172, 10.337241172790527, 0.9110183715820312, 0.15102386474609375, 0.0], [40.188358306884766, 47.1185188293457, 14.829514503479004, 0.5794563293457031, 0.564239501953125, 0.0], [148.06817626953125, 18.909090042114258, 5.661326885223389, 0.0, 0.0, 0.0]], "id": 0}, {"BlobMoves": [[83.07635498046875, 228.4589080810547, 23.334030151367188, 0.6840362548828125, 0.2167205810546875, 0.0], [155.12779235839844, 218.5762481689453, 19.023603439331055, 0.803436279296875, 0.4441986083984375, 0.0], [268.4666748046875, 207.3386688232422, 9.159725189208984, 1.46600341796875, 0.6805572509765625, 0.0], [215.65499877929688, 209.81146240234375, 14.753174781799316, 0.812469482421875, 0.334686279296875, 0.0], [96.96388244628906, 155.3818359375, 14.134477615356445, 0.5950775146484375, 0.46588134765625, 1.0409393310546875], [208.67730712890625, 150.3670196533203, 11.02304458618164, 0.757476806640625, 0.5025482177734375, 0.0], [158.6922149658203, 151.6922149658203, 13.569646835327148, 0.7718353271484375, -0.8320770263671875, 0.0], [254.58447265625, 146.90867614746094, 6.833491802215576, 0.9849700927734375, 0.1607666015625, 0.0], [245.9549560546875, 98.55855560302734, 5.003983497619629, 0.603607177734375, 0.39640045166015625, 0.0], [203.3333282470703, 100.0, 9.404223442077637, -2.79998779296875, 1.5333328247070312, 0.0], [156.4121551513672, 100.73873901367188, 9.67167854309082, 0.94793701171875, 0.7843780517578125, 0.0], [102.42659759521484, 100.03972625732422, 11.05060863494873, 0.7137527465820312, 0.9655380249023438, 0.0], [35.293800354003906, 97.95116424560547, 16.997779846191406, 0.6253242492675781, 0.5507278442382812, 0.0], [235.90805053710938, 57.5, 6.277059555053711, 0.591949462890625, -0.09027862548828125, 0.0], [197.94557189941406, 57.5, 7.981540203094482, 0.5544281005859375, 0.0, 0.0], [153.2051239013672, 56.0, 9.135116577148438, 0.745697021484375, 0.057376861572265625, 0.0], [101.53492736816406, 53.45708465576172, 10.337241172790527, 0.9715652465820312, 0.3394508361816406, 0.0], [40.188358306884766, 47.1185188293457, 14.829514503479004, 0.5956802368164062, 0.5328903198242188, 0.0], [148.06817626953125, 18.909090042114258, 5.661326885223389, 0.0, 0.0, 0.0]], "id": 1}, {"BlobMoves": [[83.07635498046875, 228.4589080810547, 23.334030151367188, 0.6662368774414062, 0.2138519287109375, 0.0], [155.12779235839844, 218.5762481689453, 19.023603439331055, 0.7931671142578125, 0.5334320068359375, 0.0], [268.4666748046875, 207.3386688232422, 9.159725189208984, 1.429779052734375, 0.6451568603515625, 0.0], [215.65499877929688, 209.81146240234375, 14.753174781799316, 0.842437744140625, 0.4295654296875, 0.0], [96.96388244628906, 155.3818359375, 14.134477615356445, 0.5561904907226562, 0.4930419921875, 0.9936647415161133], [208.67730712890625, 150.3670196533203, 11.02304458618164, 0.757476806640625, 0.5025482177734375, 0.0], [158.6922149658203, 151.6922149658203, 13.569646835327148, 0.8265838623046875, -0.807647705078125, 0.0], [254.58447265625, 146.90867614746094, 6.833491802215576, 1.03741455078125, 0.190826416015625, 0.0], [245.9549560546875, 98.55855560302734, 5.003983497619629, 0.692657470703125, 0.30811309814453125, 0.0], [203.3333282470703, 100.0, 9.404223442077637, -2.77227783203125, 1.7656784057617188, 0.0], [156.4121551513672, 100.73873901367188, 9.67167854309082, 0.9139862060546875, 0.8415985107421875, 0.0], [102.42659759521484, 100.03972625732422, 11.05060863494873, 0.7874374389648438, 0.9655380249023438, 0.0], [35.293800354003906, 97.95116424560547, 16.997779846191406, 0.6253242492675781, 0.5507278442382812, 0.0], [235.90805053710938, 57.5, 6.277059555053711, 0.591949462890625, -0.09027862548828125, 0.0], [197.94557189941406, 57.5, 7.981540203094482, 0.5844268798828125, -0.23666763305664062, 0.07164621353149414], [153.2051239013672, 56.0, 9.135116577148438, 0.7948760986328125, 0.116668701171875, 0.0], [101.53492736816406, 53.45708465576172, 10.337241172790527, 0.9585800170898438, 0.45633697509765625, 0.0], [40.188358306884766, 47.1185188293457, 14.829514503479004, 0.5760688781738281, 0.4833641052246094, 0.0], [148.06817626953125, 18.909090042114258, 5.661326885223389, 0.0, 0.0, 0.0]], "id": 2}, {"BlobMoves": [[83.07635498046875, 228.4589080810547, 23.334030151367188, 0.62213134765625, 0.2660980224609375, 0.0], [155.12779235839844, 218.5762481689453, 19.023603439331055, 0.7659759521484375, 0.5440216064453125, 0.0], [268.4666748046875, 207.3386688232422, 9.159725189208984, 1.190826416015625, 0.53594970703125, 0.0], [215.65499877929688, 209.81146240234375, 14.753174781799316, 0.815643310546875, 0.289031982421875, 0.0], [96.96388244628906, 155.3818359375, 14.134477615356445, 0.5950775146484375, 0.46588134765625, 1.0409393310546875], [208.67730712890625, 150.3670196533203, 11.02304458618164, 0.5291290283203125, 0.4738922119140625, 0.0], [158.6922149658203, 151.6922149658203, 13.569646835327148, 0.7130126953125, -0.8438568115234375, 0.0], [254.58447265625, 146.90867614746094, 6.833491802215576, 0.944091796875, 0.2341766357421875, 0.0], [245.9549560546875, 98.55855560302734, 5.003983497619629, 0.603607177734375, 0.39640045166015625, 0.0], [203.3333282470703, 100.0, 9.404223442077637, -2.79998779296875, 1.5333328247070312, 0.0], [156.4121551513672, 100.73873901367188, 9.67167854309082, 0.853057861328125, 0.8646697998046875, 0.0], [102.42659759521484, 100.03972625732422, 11.05060863494873, 0.7837448120117188, 1.033355712890625, 0.0], [35.293800354003906, 97.95116424560547, 16.997779846191406, 0.589569091796875, 0.5281448364257812, 0.0], [235.90805053710938, 57.5, 6.277059555053711, 0.63616943359375, -0.044219970703125, 0.0], [197.94557189941406, 57.5, 7.981540203094482, 0.5544281005859375, 0.0, 0.0], [153.2051239013672, 56.0, 9.135116577148438, 0.7948760986328125, 0.116668701171875, 0.0], [101.53492736816406, 53.45708465576172, 10.337241172790527, 0.9110183715820312, 0.15102386474609375, 0.0], [40.188358306884766, 47.1185188293457, 14.829514503479004, 0.5552330017089844, 0.4968681335449219, 0.0], [148.06817626953125, 18.909090042114258, 5.661326885223389, 0.0, 0.0, 0.0]],